product,buy_volume,sell_volume,schedule
01.05.2020 00:00,1.3,-1.4,0.1
01.05.2020 00:15,0.2,-0.5,0.3
01.05.2020 00:30,0.3,-0.6,0.3
01.05.2020 00:45,0.3,-0.3,0
01.05.2020 01:00,3.7,-3.8,0.1
01.05.2020 01:15,0.0,-0.6,0.6
01.05.2020 01:30,1.6,-2.1,0.5
01.05.2020 01:45,0.1,-1.3,1.2
01.05.2020 02:00,0.0,-2.0,2
01.05.2020 02:15,0.0,-1.4,1.4
01.05.2020 02:30,0.5,-1.3,0.8
01.05.2020 02:45,1.3,-1.3,0
01.05.2020 03:00,0.7,-0.8,0.1
01.05.2020 03:15,0.0,-0.9,0.9
01.05.2020 03:30,0.6,-1.7,1.1
01.05.2020 03:45,0.4,-1.4,1
01.05.2020 04:00,1.2,-2.0,0.8
01.05.2020 04:15,0.5,-2.0,1.5
01.05.2020 04:30,0.3,-1.0,0.7
01.05.2020 04:45,1.0,-1.1,0.1
01.05.2020 05:00,0.7,-0.7,0
01.05.2020 05:15,0.0,0.0,0
01.05.2020 05:30,0.0,0.0,0
01.05.2020 05:45,0.0,0.0,0
01.05.2020 06:00,1.0,-1.3,0.3
01.05.2020 06:15,0.5,-0.5,0
01.05.2020 06:30,1.2,-1.3,0.1
01.05.2020 06:45,1.3,-1.9,0.6
01.05.2020 07:00,0.2,-0.3,0.1
01.05.2020 07:15,0.7,-0.7,0
01.05.2020 07:30,0.0,-0.3,0.3
01.05.2020 07:45,0.8,-0.8,0
01.05.2020 08:00,0.8,-1.7,0.9
01.05.2020 08:15,0.7,-1.8,1.1
01.05.2020 08:30,1.3,-1.9,0.6
01.05.2020 08:45,1.6,-1.9,0.3
01.05.2020 09:00,0.8,-0.8,0
01.05.2020 09:15,0.3,-0.3,0
01.05.2020 09:30,0.6,-0.9,0.3
01.05.2020 09:45,0.0,-0.3,0.3
01.05.2020 10:00,0.0,-0.3,0.3
01.05.2020 10:15,0.0,0.0,0
01.05.2020 10:30,0.6,-0.6,0
01.05.2020 10:45,0.5,-0.5,0
01.05.2020 11:00,0.3,-1.2,0.9
01.05.2020 11:15,0.7,-2.2,1.5
01.05.2020 11:30,2.0,-3.2,1.2
01.05.2020 11:45,0.4,-2.3,1.9
01.05.2020 12:00,0.7,-2.8,2.1
01.05.2020 12:15,0.8,-2.9,2.1
01.05.2020 12:30,0.0,-2.6,2.6
01.05.2020 12:45,0.6,-2.9,2.3
01.05.2020 13:00,0.8,-2.4,1.6
01.05.2020 13:15,0.9,-1.6,0.7
01.05.2020 13:30,1.1,-2.0,0.9
01.05.2020 13:45,0.9,-2.5,1.6
01.05.2020 14:00,0.0,-1.0,1
01.05.2020 14:15,0.6,-2.0,1.4
01.05.2020 14:30,0.1,-1.7,1.6
01.05.2020 14:45,0.0,-0.8,0.8
01.05.2020 15:00,0.1,-1.2,1.1
01.05.2020 15:15,0.9,-2.8,1.9
01.05.2020 15:30,0.2,-1.7,1.5
01.05.2020 15:45,0.9,-2.4,1.5
01.05.2020 16:00,0.3,-1.1,0.8
01.05.2020 16:15,0.8,-0.8,0
01.05.2020 16:30,1.1,-1.9,0.8
01.05.2020 16:45,0.0,-1.4,1.4
01.05.2020 17:00,0.5,-2.7,2.2
01.05.2020 17:15,0.3,-3.3,3
01.05.2020 17:30,1.1,-4.9,3.8
01.05.2020 17:45,1.1,-4.8,3.7
01.05.2020 18:00,2.1,-5.8,3.7
01.05.2020 18:15,2.0,-6.0,4
01.05.2020 18:30,2.8,-6.0,3.2
01.05.2020 18:45,3.6,-6.0,2.4
01.05.2020 19:00,4.4,-6.8,2.4
01.05.2020 19:15,3.2,-6.0,2.8
01.05.2020 19:30,2.0,-5.4,3.4
01.05.2020 19:45,1.6,-5.8,4.2
01.05.2020 20:00,0.8,-5.5,4.7
01.05.2020 20:15,0.0,-5.0,5
01.05.2020 20:30,0.0,-5.0,5
01.05.2020 20:45,0.6,-5.6,5
01.05.2020 21:00,0.0,-4.6,4.6
01.05.2020 21:15,0.3,-4.0,3.7
01.05.2020 21:30,0.7,-3.6,2.9
01.05.2020 21:45,1.3,-3.4,2.1
01.05.2020 22:00,0.3,-1.6,1.3
01.05.2020 22:15,0.2,-0.8,0.6
01.05.2020 22:30,0.7,-0.7,0
01.05.2020 22:45,0.0,0.0,0
01.05.2020 23:00,1.1,-1.2,0.1
01.05.2020 23:15,1.5,-1.7,0.2
01.05.2020 23:30,0.0,-1.0,1
01.05.2020 23:45,0.0,-0.8,0.8
02.05.2020 00:00,1.9,-3.3,1.4
02.05.2020 00:15,1.4,-2.0,0.6
02.05.2020 00:30,0.2,-0.5,0.3
02.05.2020 00:45,0.5,-0.5,0
02.05.2020 01:00,0.9,-1.1,0.2
02.05.2020 01:15,0.8,-1.0,0.2
02.05.2020 01:30,0.3,-0.3,0
02.05.2020 01:45,0.3,-0.3,0
02.05.2020 02:00,0.4,-0.6,0.2
02.05.2020 02:15,0.3,-0.3,0
02.05.2020 02:30,0.3,-0.5,0.2
02.05.2020 02:45,0.3,-0.9,0.6
02.05.2020 03:00,0.5,-1.0,0.5
02.05.2020 03:15,1.2,-1.2,0
02.05.2020 03:30,0.2,-0.2,0
02.05.2020 03:45,0.8,-0.8,0
02.05.2020 04:00,0.0,0.0,0
02.05.2020 04:15,0.3,-0.4,0.1
02.05.2020 04:30,0.3,-0.3,0
02.05.2020 04:45,0.3,-0.3,0
02.05.2020 05:00,0.0,-0.2,0.2
02.05.2020 05:15,0.3,-0.3,0
02.05.2020 05:30,0.0,-0.5,0.5
02.05.2020 05:45,2.4,-2.4,0
02.05.2020 06:00,0.2,-0.4,0.2
02.05.2020 06:15,0.6,-0.6,0
02.05.2020 06:30,0.0,0.0,0
02.05.2020 06:45,0.0,-0.3,0.3
02.05.2020 07:00,0.0,0.0,0
02.05.2020 07:15,0.0,-0.8,0.8
02.05.2020 07:30,0.8,-2.4,1.6
02.05.2020 07:45,0.1,-2.3,2.2
02.05.2020 08:00,0.2,-2.1,1.9
02.05.2020 08:15,0.5,-2.5,2
02.05.2020 08:30,0.2,-1.4,1.2
02.05.2020 08:45,0.5,-1.1,0.6
02.05.2020 09:00,1.6,-2.0,0.4
02.05.2020 09:15,1.8,-2.7,0.9
02.05.2020 09:30,0.2,-0.3,0.1
02.05.2020 09:45,0.5,-0.6,0.1
02.05.2020 10:00,1.0,-1.8,0.8
02.05.2020 10:15,1.8,-1.8,0
02.05.2020 10:30,0.7,-0.9,0.2
02.05.2020 10:45,0.6,-0.9,0.3
02.05.2020 11:00,0.8,-0.8,0
02.05.2020 11:15,1.2,-1.2,0
02.05.2020 11:30,0.6,-1.1,0.5
02.05.2020 11:45,1.3,-1.7,0.4
02.05.2020 12:00,2.3,-2.4,0.1
02.05.2020 12:15,0.6,-1.5,0.9
02.05.2020 12:30,1.2,-2.3,1.1
02.05.2020 12:45,1.0,-2.1,1.1
02.05.2020 13:00,1.8,-2.5,0.7
02.05.2020 13:15,2.3,-2.5,0.2
02.05.2020 13:30,1.8,-1.8,0
02.05.2020 13:45,0.8,-0.8,0
02.05.2020 14:00,1.2,-1.7,0.5
02.05.2020 14:15,0.3,-1.5,1.2
02.05.2020 14:30,0.2,-2.2,2
02.05.2020 14:45,0.7,-3.5,2.8
02.05.2020 15:00,0.3,-2.9,2.6
02.05.2020 15:15,0.4,-2.2,1.8
02.05.2020 15:30,0.7,-1.8,1.1
02.05.2020 15:45,1.3,-1.8,0.5
02.05.2020 16:00,0.3,-0.3,0
02.05.2020 16:15,0.3,-0.3,0
02.05.2020 16:30,0.5,-0.5,0
02.05.2020 16:45,1.8,-2.7,0.9
02.05.2020 17:00,0.2,-1.9,1.7
02.05.2020 17:15,3.8,-5.7,1.9
02.05.2020 17:30,1.8,-3.4,1.6
02.05.2020 17:45,1.2,-2.0,0.8
02.05.2020 18:00,0.1,-0.3,0.2
02.05.2020 18:15,1.2,-1.7,0.5
02.05.2020 18:30,1.1,-2.1,1
02.05.2020 18:45,0.1,-1.9,1.8
02.05.2020 19:00,1.3,-3.9,2.6
02.05.2020 19:15,1.3,-4.6,3.3
02.05.2020 19:30,0.3,-4.4,4.1
02.05.2020 19:45,0.7,-5.6,4.9
02.05.2020 20:00,0.9,-5.6,4.7
02.05.2020 20:15,1.7,-5.5,3.8
02.05.2020 20:30,2.3,-5.6,3.3
02.05.2020 20:45,2.1,-5.8,3.7
02.05.2020 21:00,0.1,-3.7,3.6
02.05.2020 21:15,0.1,-2.9,2.8
02.05.2020 21:30,0.1,-2.9,2.8
02.05.2020 21:45,0.4,-2.4,2
02.05.2020 22:00,0.0,-1.1,1.1
02.05.2020 22:15,0.4,-0.6,0.2
02.05.2020 22:30,1.9,-1.9,0
02.05.2020 22:45,1.0,-1.0,0
02.05.2020 23:00,2.3,-2.3,0
02.05.2020 23:15,1.4,-1.4,0
02.05.2020 23:30,0.9,-1.2,0.3
02.05.2020 23:45,0.9,-0.9,0
03.05.2020 00:00,1.5,-1.9,0.4
03.05.2020 00:15,0.5,-1.3,0.8
03.05.2020 00:30,0.0,-0.8,0.8
03.05.2020 00:45,0.1,-0.6,0.5
03.05.2020 01:00,1.0,-2.3,1.3
03.05.2020 01:15,0.6,-1.8,1.2
03.05.2020 01:30,0.5,-1.2,0.7
03.05.2020 01:45,0.4,-1.3,0.9
03.05.2020 02:00,0.3,-1.8,1.5
03.05.2020 02:15,0.3,-1.3,1
03.05.2020 02:30,0.6,-1.3,0.7
03.05.2020 02:45,1.1,-1.4,0.3
03.05.2020 03:00,0.3,-0.6,0.3
03.05.2020 03:15,0.4,-1.0,0.6
03.05.2020 03:30,0.0,0.0,0
03.05.2020 03:45,1.1,-1.1,0
03.05.2020 04:00,0.0,0.0,0
03.05.2020 04:15,0.6,-0.6,0
03.05.2020 04:30,0.0,-0.3,0.3
03.05.2020 04:45,0.1,-0.1,0
03.05.2020 05:00,0.3,-0.3,0
03.05.2020 05:15,0.0,0.0,0
03.05.2020 05:30,0.8,-1.0,0.2
03.05.2020 05:45,0.2,-0.4,0.2
03.05.2020 06:00,0.8,-0.8,0
03.05.2020 06:15,0.0,0.0,0
03.05.2020 06:30,0.0,-0.5,0.5
03.05.2020 06:45,0.0,-0.1,0.1
03.05.2020 07:00,0.7,-1.0,0.3
03.05.2020 07:15,0.6,-0.6,0
03.05.2020 07:30,0.0,0.0,0
03.05.2020 07:45,0.1,-0.8,0.7
03.05.2020 08:00,0.0,-1.0,1
03.05.2020 08:15,1.0,-1.3,0.3
03.05.2020 08:30,0.3,-0.6,0.3
03.05.2020 08:45,0.3,-0.3,0
03.05.2020 09:00,1.2,-1.4,0.2
03.05.2020 09:15,0.0,-0.3,0.3
03.05.2020 09:30,0.6,-0.6,0
03.05.2020 09:45,0.0,-0.2,0.2
03.05.2020 10:00,1.2,-1.7,0.5
03.05.2020 10:15,0.0,0.0,0
03.05.2020 10:30,0.6,-0.8,0.2
03.05.2020 10:45,0.0,-0.6,0.6
03.05.2020 11:00,0.0,-1.4,1.4
03.05.2020 11:15,0.0,-1.7,1.7
03.05.2020 11:30,0.6,-2.5,1.9
03.05.2020 11:45,0.0,-2.3,2.3
03.05.2020 12:00,0.1,-3.0,2.9
03.05.2020 12:15,1.8,-4.6,2.8
03.05.2020 12:30,0.4,-2.5,2.1
03.05.2020 12:45,0.4,-1.8,1.4
03.05.2020 13:00,0.6,-1.1,0.5
03.05.2020 13:15,0.3,-0.3,0
03.05.2020 13:30,0.3,-0.3,0
03.05.2020 13:45,0.3,-0.6,0.3
03.05.2020 14:00,1.4,-1.9,0.5
03.05.2020 14:15,0.6,-0.8,0.2
03.05.2020 14:30,0.6,-0.6,0
03.05.2020 14:45,0.3,-0.3,0
03.05.2020 15:00,0.3,-0.4,0.1
03.05.2020 15:15,0.8,-0.8,0
03.05.2020 15:30,0.5,-0.5,0
03.05.2020 15:45,1.7,-1.7,0
03.05.2020 16:00,0.0,0.0,0
03.05.2020 16:15,0.8,-0.9,0.1
03.05.2020 16:30,0.0,-0.3,0.3
03.05.2020 16:45,2.3,-2.7,0.4
03.05.2020 17:00,0.0,-0.3,0.3
03.05.2020 17:15,0.5,-1.6,1.1
03.05.2020 17:30,1.1,-3.0,1.9
03.05.2020 17:45,0.0,-2.5,2.5
03.05.2020 18:00,0.0,-3.0,3
03.05.2020 18:15,0.6,-4.4,3.8
03.05.2020 18:30,0.8,-5.1,4.3
03.05.2020 18:45,0.5,-5.4,4.9
03.05.2020 19:00,0.0,-5.0,5
03.05.2020 19:15,0.5,-5.5,5
03.05.2020 19:30,0.2,-5.0,4.8
03.05.2020 19:45,0.5,-5.5,5
03.05.2020 20:00,0.5,-5.2,4.7
03.05.2020 20:15,0.2,-5.2,5
03.05.2020 20:30,0.2,-5.2,5
03.05.2020 20:45,1.1,-5.8,4.7
03.05.2020 21:00,0.0,-5.0,5
03.05.2020 21:15,0.0,-5.0,5
03.05.2020 21:30,0.6,-5.4,4.8
03.05.2020 21:45,0.6,-5.6,5
03.05.2020 22:00,0.0,-4.5,4.5
03.05.2020 22:15,0.2,-4.5,4.3
03.05.2020 22:30,0.0,-3.5,3.5
03.05.2020 22:45,0.0,-2.7,2.7
03.05.2020 23:00,0.1,-2.6,2.5
03.05.2020 23:15,0.1,-2.0,1.9
03.05.2020 23:30,0.3,-1.4,1.1
03.05.2020 23:45,0.0,-0.9,0.9
04.05.2020 00:00,0.2,-2.1,1.9
04.05.2020 00:15,0.0,-1.3,1.3
04.05.2020 00:30,0.2,-1.3,1.1
04.05.2020 00:45,0.0,-0.5,0.5
04.05.2020 01:00,0.9,-1.4,0.5
04.05.2020 01:15,1.1,-1.3,0.2
04.05.2020 01:30,0.5,-1.4,0.9
04.05.2020 01:45,1.0,-1.1,0.1
04.05.2020 02:00,0.6,-1.6,1
04.05.2020 02:15,0.6,-1.1,0.5
04.05.2020 02:30,0.6,-1.2,0.6
04.05.2020 02:45,0.6,-1.2,0.6
04.05.2020 03:00,0.4,-1.4,1
04.05.2020 03:15,0.1,-1.5,1.4
04.05.2020 03:30,0.3,-0.9,0.6
04.05.2020 03:45,0.5,-1.1,0.6
04.05.2020 04:00,0.4,-0.4,0
04.05.2020 04:15,0.3,-0.3,0
04.05.2020 04:30,0.5,-0.8,0.3
04.05.2020 04:45,0.9,-1.3,0.4
04.05.2020 05:00,0.3,-0.6,0.3
04.05.2020 05:15,0.5,-1.0,0.5
04.05.2020 05:30,0.2,-1.5,1.3
04.05.2020 05:45,0.2,-2.3,2.1
04.05.2020 06:00,0.2,-3.1,2.9
04.05.2020 06:15,0.0,-3.7,3.7
04.05.2020 06:30,0.2,-4.8,4.6
04.05.2020 06:45,0.7,-5.7,5
04.05.2020 07:00,0.9,-5.9,5
04.05.2020 07:15,0.6,-5.6,5
04.05.2020 07:30,1.0,-5.7,4.7
04.05.2020 07:45,0.3,-5.3,5
04.05.2020 08:00,0.0,-5.0,5
04.05.2020 08:15,0.0,-5.0,5
04.05.2020 08:30,0.2,-5.2,5
04.05.2020 08:45,0.5,-5.5,5
04.05.2020 09:00,0.3,-5.3,5
04.05.2020 09:15,1.2,-5.9,4.7
04.05.2020 09:30,1.1,-5.8,4.7
04.05.2020 09:45,1.4,-6.4,5
04.05.2020 10:00,0.0,-5.0,5
04.05.2020 10:15,0.8,-5.7,4.9
04.05.2020 10:30,0.4,-4.5,4.1
04.05.2020 10:45,0.3,-5.3,5
04.05.2020 11:00,0.3,-5.0,4.7
04.05.2020 11:15,0.3,-5.3,5
04.05.2020 11:30,0.2,-5.2,5
04.05.2020 11:45,0.4,-5.4,5
04.05.2020 12:00,0.7,-5.6,4.9
04.05.2020 12:15,0.5,-5.5,5
04.05.2020 12:30,0.0,-4.6,4.6
04.05.2020 12:45,1.1,-4.9,3.8
04.05.2020 13:00,0.5,-5.0,4.5
04.05.2020 13:15,0.4,-4.3,3.9
04.05.2020 13:30,0.4,-3.6,3.2
04.05.2020 13:45,0.6,-3.2,2.6
04.05.2020 14:00,0.4,-2.5,2.1
04.05.2020 14:15,0.0,-1.9,1.9
04.05.2020 14:30,1.0,-3.1,2.1
04.05.2020 14:45,0.0,-2.4,2.4
04.05.2020 15:00,1.3,-3.7,2.4
04.05.2020 15:15,0.9,-2.7,1.8
04.05.2020 15:30,0.8,-1.8,1
04.05.2020 15:45,0.9,-1.8,0.9
04.05.2020 16:00,0.0,-1.4,1.4
04.05.2020 16:15,0.3,-1.4,1.1
04.05.2020 16:30,0.0,-1.3,1.3
04.05.2020 16:45,1.2,-3.3,2.1
04.05.2020 17:00,0.0,-2.2,2.2
04.05.2020 17:15,0.0,-3.0,3
04.05.2020 17:30,0.3,-3.7,3.4
04.05.2020 17:45,0.5,-4.7,4.2
04.05.2020 18:00,0.5,-5.3,4.8
04.05.2020 18:15,0.3,-5.3,5
04.05.2020 18:30,0.4,-5.1,4.7
04.05.2020 18:45,0.3,-5.3,5
04.05.2020 19:00,0.5,-5.2,4.7
04.05.2020 19:15,0.7,-5.0,4.3
04.05.2020 19:30,0.2,-5.2,5
04.05.2020 19:45,0.0,-5.0,5
04.05.2020 20:00,0.3,-5.3,5
04.05.2020 20:15,0.2,-5.2,5
04.05.2020 20:30,0.0,-5.0,5
04.05.2020 20:45,0.9,-5.5,4.6
04.05.2020 21:00,0.2,-5.0,4.8
04.05.2020 21:15,0.0,-5.0,5
04.05.2020 21:30,0.2,-5.2,5
04.05.2020 21:45,0.5,-5.2,4.7
04.05.2020 22:00,0.0,-4.3,4.3
04.05.2020 22:15,0.0,-3.5,3.5
04.05.2020 22:30,0.0,-2.6,2.6
04.05.2020 22:45,0.3,-2.6,2.3
04.05.2020 23:00,0.0,-3.2,3.2
04.05.2020 23:15,0.0,-2.4,2.4
04.05.2020 23:30,0.3,-1.9,1.6
04.05.2020 23:45,0.0,-0.8,0.8
05.05.2020 00:00,1.3,-2.2,0.9
05.05.2020 00:15,0.8,-1.1,0.3
05.05.2020 00:30,0.3,-1.3,1
05.05.2020 00:45,0.3,-0.5,0.2
05.05.2020 01:00,0.9,-0.9,0
05.05.2020 01:15,0.8,-0.8,0
05.05.2020 01:30,0.8,-0.8,0
05.05.2020 01:45,0.0,0.0,0
05.05.2020 02:00,0.0,0.0,0
05.05.2020 02:15,0.3,-0.6,0.3
05.05.2020 02:30,0.3,-0.3,0
05.05.2020 02:45,0.3,-0.3,0
05.05.2020 03:00,0.3,-0.3,0
05.05.2020 03:15,0.3,-0.3,0
05.05.2020 03:30,0.3,-0.3,0
05.05.2020 03:45,0.8,-1.5,0.7
05.05.2020 04:00,0.3,-0.8,0.5
05.05.2020 04:15,0.3,-0.8,0.5
05.05.2020 04:30,0.8,-2.1,1.3
05.05.2020 04:45,0.0,-2.2,2.2
05.05.2020 05:00,0.6,-3.2,2.6
05.05.2020 05:15,0.3,-3.1,2.8
05.05.2020 05:30,0.0,-3.7,3.7
05.05.2020 05:45,0.0,-4.5,4.5
05.05.2020 06:00,1.1,-5.6,4.5
05.05.2020 06:15,0.3,-5.0,4.7
05.05.2020 06:30,0.0,-5.0,5
05.05.2020 06:45,0.0,-5.0,5
05.05.2020 07:00,0.1,-5.0,4.9
05.05.2020 07:15,1.1,-6.0,4.9
05.05.2020 07:30,0.6,-5.3,4.7
05.05.2020 07:45,0.2,-5.0,4.8
05.05.2020 08:00,1.0,-5.7,4.7
05.05.2020 08:15,0.2,-5.2,5
05.05.2020 08:30,0.2,-5.2,5
05.05.2020 08:45,0.5,-5.4,4.9
05.05.2020 09:00,0.0,-4.0,4
05.05.2020 09:15,0.0,-3.8,3.8
05.05.2020 09:30,0.9,-3.9,3
05.05.2020 09:45,0.4,-3.1,2.7
05.05.2020 10:00,0.5,-4.0,3.5
05.05.2020 10:15,0.2,-3.5,3.3
05.05.2020 10:30,0.0,-3.7,3.7
05.05.2020 10:45,0.0,-4.6,4.6
05.05.2020 11:00,0.6,-5.3,4.7
05.05.2020 11:15,0.0,-5.0,5
05.05.2020 11:30,0.0,-5.0,5
05.05.2020 11:45,0.2,-5.2,5
05.05.2020 12:00,0.0,-4.5,4.5
05.05.2020 12:15,0.0,-4.9,4.9
05.05.2020 12:30,0.0,-4.1,4.1
05.05.2020 12:45,0.1,-3.4,3.3
05.05.2020 13:00,0.2,-2.7,2.5
05.05.2020 13:15,0.2,-1.9,1.7
05.05.2020 13:30,0.2,-1.1,0.9
05.05.2020 13:45,0.6,-1.0,0.4
05.05.2020 14:00,0.0,-0.2,0.2
05.05.2020 14:15,0.0,-1.0,1
05.05.2020 14:30,0.4,-1.9,1.5
05.05.2020 14:45,0.0,-0.9,0.9
05.05.2020 15:00,0.3,-0.8,0.5
05.05.2020 15:15,1.2,-1.3,0.1
05.05.2020 15:30,1.6,-1.6,0
05.05.2020 15:45,1.1,-1.1,0
05.05.2020 16:00,0.5,-0.5,0
05.05.2020 16:15,0.0,0.0,0
05.05.2020 16:30,1.1,-1.1,0
05.05.2020 16:45,1.3,-1.3,0
05.05.2020 17:00,0.0,0.0,0
05.05.2020 17:15,0.0,0.0,0
05.05.2020 17:30,0.9,-0.9,0
05.05.2020 17:45,1.8,-2.0,0.2
05.05.2020 18:00,1.1,-2.1,1
05.05.2020 18:15,0.3,-2.1,1.8
05.05.2020 18:30,0.0,-2.6,2.6
05.05.2020 18:45,0.0,-3.4,3.4
05.05.2020 19:00,1.2,-4.7,3.5
05.05.2020 19:15,0.2,-4.3,4.1
05.05.2020 19:30,0.0,-5.0,5
05.05.2020 19:45,0.0,-5.0,5
05.05.2020 20:00,0.0,-5.0,5
05.05.2020 20:15,0.0,-5.0,5
05.05.2020 20:30,0.0,-5.0,5
05.05.2020 20:45,0.0,-5.0,5
05.05.2020 21:00,0.0,-5.0,5
05.05.2020 21:15,0.0,-5.0,5
05.05.2020 21:30,0.0,-5.0,5
05.05.2020 21:45,0.4,-5.0,4.6
05.05.2020 22:00,0.0,-4.9,4.9
05.05.2020 22:15,0.0,-4.2,4.2
05.05.2020 22:30,0.0,-3.3,3.3
05.05.2020 22:45,0.3,-2.8,2.5
05.05.2020 23:00,0.0,-1.7,1.7
05.05.2020 23:15,0.0,-0.9,0.9
05.05.2020 23:30,0.0,0.0,0
05.05.2020 23:45,0.0,0.0,0
06.05.2020 00:00,1.6,-1.8,0.2
06.05.2020 00:15,0.5,-0.5,0
06.05.2020 00:30,0.0,-0.3,0.3
06.05.2020 00:45,0.0,0.0,0
06.05.2020 01:00,0.0,0.0,0
06.05.2020 01:15,0.0,0.0,0
06.05.2020 01:30,0.0,0.0,0
06.05.2020 01:45,0.0,0.0,0
06.05.2020 02:00,0.3,-0.8,0.5
06.05.2020 02:15,0.6,-0.6,0
06.05.2020 02:30,0.3,-0.6,0.3
06.05.2020 02:45,0.3,-0.3,0
06.05.2020 03:00,0.0,-0.5,0.5
06.05.2020 03:15,0.2,-1.3,1.1
06.05.2020 03:30,0.0,-1.6,1.6
06.05.2020 03:45,0.0,-0.8,0.8
06.05.2020 04:00,0.0,0.0,0
06.05.2020 04:15,0.0,-0.2,0.2
06.05.2020 04:30,0.0,0.0,0
06.05.2020 04:45,0.8,-0.8,0
06.05.2020 05:00,0.1,-0.3,0.2
06.05.2020 05:15,0.0,-0.2,0.2
06.05.2020 05:30,0.9,-1.1,0.2
06.05.2020 05:45,1.2,-1.9,0.7
06.05.2020 06:00,0.8,-2.3,1.5
06.05.2020 06:15,0.0,-2.3,2.3
06.05.2020 06:30,0.0,-3.1,3.1
06.05.2020 06:45,0.1,-3.9,3.8
06.05.2020 07:00,1.4,-4.8,3.4
06.05.2020 07:15,1.3,-5.1,3.8
06.05.2020 07:30,1.6,-5.1,3.5
06.05.2020 07:45,0.9,-5.0,4.1
06.05.2020 08:00,0.0,-5.0,5
06.05.2020 08:15,0.5,-5.3,4.8
06.05.2020 08:30,0.0,-4.3,4.3
06.05.2020 08:45,0.2,-4.7,4.5
06.05.2020 09:00,0.0,-4.3,4.3
06.05.2020 09:15,0.0,-3.4,3.4
06.05.2020 09:30,0.0,-2.6,2.6
06.05.2020 09:45,0.0,-1.7,1.7
06.05.2020 10:00,0.0,-0.9,0.9
06.05.2020 10:15,0.4,-0.4,0
06.05.2020 10:30,0.6,-0.6,0
06.05.2020 10:45,0.0,0.0,0
06.05.2020 11:00,0.8,-0.8,0
06.05.2020 11:15,0.9,-1.6,0.7
06.05.2020 11:30,0.0,0.0,0
06.05.2020 11:45,0.0,0.0,0
06.05.2020 12:00,0.0,-0.8,0.8
06.05.2020 12:15,0.3,-0.3,0
06.05.2020 12:30,0.1,-0.4,0.3
06.05.2020 12:45,0.2,-0.2,0
06.05.2020 13:00,0.8,-1.1,0.3
06.05.2020 13:15,0.0,0.0,0
06.05.2020 13:30,0.0,-0.3,0.3
06.05.2020 13:45,0.0,0.0,0
06.05.2020 14:00,0.0,0.0,0
06.05.2020 14:15,0.0,0.0,0
06.05.2020 14:30,0.2,-0.3,0.1
06.05.2020 14:45,0.0,-0.3,0.3
06.05.2020 15:00,0.0,-0.3,0.3
06.05.2020 15:15,0.0,0.0,0
06.05.2020 15:30,0.0,0.0,0
06.05.2020 15:45,0.6,-0.6,0
06.05.2020 16:00,0.0,0.0,0
06.05.2020 16:15,0.0,0.0,0
06.05.2020 16:30,0.3,-0.3,0
06.05.2020 16:45,0.8,-0.8,0
06.05.2020 17:00,0.0,0.0,0
06.05.2020 17:15,1.5,-1.8,0.3
06.05.2020 17:30,0.0,0.0,0
06.05.2020 17:45,0.0,-0.8,0.8
06.05.2020 18:00,0.8,-2.4,1.6
06.05.2020 18:15,0.0,-2.4,2.4
06.05.2020 18:30,0.2,-3.3,3.1
06.05.2020 18:45,0.6,-4.2,3.6
06.05.2020 19:00,2.1,-5.9,3.8
06.05.2020 19:15,1.6,-5.5,3.9
06.05.2020 19:30,1.9,-6.0,4.1
06.05.2020 19:45,0.9,-5.9,5
06.05.2020 20:00,0.0,-5.0,5
06.05.2020 20:15,0.0,-5.0,5
06.05.2020 20:30,0.0,-5.0,5
06.05.2020 20:45,0.8,-5.3,4.5
06.05.2020 21:00,0.6,-5.2,4.6
06.05.2020 21:15,1.1,-5.0,3.9
06.05.2020 21:30,1.7,-5.1,3.4
06.05.2020 21:45,1.2,-5.4,4.2
06.05.2020 22:00,0.2,-4.2,4
06.05.2020 22:15,0.2,-3.4,3.2
06.05.2020 22:30,0.6,-3.0,2.4
06.05.2020 22:45,0.8,-2.4,1.6
06.05.2020 23:00,0.3,-1.6,1.3
06.05.2020 23:15,0.3,-0.8,0.5
06.05.2020 23:30,0.8,-0.8,0
06.05.2020 23:45,0.0,0.0,0
07.05.2020 00:00,0.0,-0.9,0.9
07.05.2020 00:15,0.2,-0.3,0.1
07.05.2020 00:30,0.3,-0.3,0
07.05.2020 00:45,0.0,0.0,0
07.05.2020 01:00,0.4,-0.7,0.3
07.05.2020 01:15,0.0,0.0,0
07.05.2020 01:30,0.0,-0.3,0.3
07.05.2020 01:45,0.0,-0.3,0.3
07.05.2020 02:00,0.0,0.0,0
07.05.2020 02:15,0.0,-0.2,0.2
07.05.2020 02:30,0.0,0.0,0
07.05.2020 02:45,0.0,0.0,0
07.05.2020 03:00,0.0,0.0,0
07.05.2020 03:15,0.0,-0.2,0.2
07.05.2020 03:30,0.1,-0.1,0
07.05.2020 03:45,0.0,0.0,0
07.05.2020 04:00,0.0,0.0,0
07.05.2020 04:15,0.3,-0.4,0.1
07.05.2020 04:30,0.2,-1.1,0.9
07.05.2020 04:45,0.1,-0.9,0.8
07.05.2020 05:00,0.0,0.0,0
07.05.2020 05:15,0.1,-0.5,0.4
07.05.2020 05:30,0.0,-1.2,1.2
07.05.2020 05:45,0.0,-1.8,1.8
07.05.2020 06:00,0.1,-2.8,2.7
07.05.2020 06:15,0.0,-3.5,3.5
07.05.2020 06:30,0.0,-4.4,4.4
07.05.2020 06:45,0.0,-5.0,5
07.05.2020 07:00,0.1,-4.6,4.5
07.05.2020 07:15,0.5,-5.2,4.7
07.05.2020 07:30,0.1,-5.1,5
07.05.2020 07:45,0.1,-5.1,5
07.05.2020 08:00,0.3,-4.4,4.1
07.05.2020 08:15,0.2,-3.5,3.3
07.05.2020 08:30,0.1,-2.6,2.5
07.05.2020 08:45,0.4,-2.1,1.7
07.05.2020 09:00,0.3,-2.2,1.9
07.05.2020 09:15,0.0,-1.1,1.1
07.05.2020 09:30,0.0,-1.0,1
07.05.2020 09:45,0.2,-1.7,1.5
07.05.2020 10:00,0.1,-2.4,2.3
07.05.2020 10:15,0.7,-3.4,2.7
07.05.2020 10:30,0.0,-2.1,2.1
07.05.2020 10:45,0.5,-1.8,1.3
07.05.2020 11:00,0.7,-1.7,1
07.05.2020 11:15,1.0,-1.3,0.3
07.05.2020 11:30,0.8,-0.8,0
07.05.2020 11:45,0.2,-0.3,0.1
07.05.2020 12:00,0.2,-1.2,1
07.05.2020 12:15,0.8,-1.7,0.9
07.05.2020 12:30,0.2,-1.2,1
07.05.2020 12:45,0.2,-1.5,1.3
07.05.2020 13:00,0.5,-2.7,2.2
07.05.2020 13:15,0.5,-3.3,2.8
07.05.2020 13:30,0.9,-2.9,2
07.05.2020 13:45,0.6,-1.8,1.2
07.05.2020 14:00,0.6,-1.0,0.4
07.05.2020 14:15,0.6,-0.6,0
07.05.2020 14:30,0.6,-0.6,0
07.05.2020 14:45,1.4,-1.4,0
07.05.2020 15:00,0.6,-0.6,0
07.05.2020 15:15,0.6,-0.9,0.3
07.05.2020 15:30,0.9,-0.9,0
07.05.2020 15:45,0.6,-1.0,0.4
07.05.2020 16:00,0.5,-0.6,0.1
07.05.2020 16:15,0.0,-0.4,0.4
07.05.2020 16:30,0.6,-1.8,1.2
07.05.2020 16:45,0.8,-1.3,0.5
07.05.2020 17:00,0.2,-0.4,0.2
07.05.2020 17:15,0.2,-1.0,0.8
07.05.2020 17:30,0.2,-1.8,1.6
07.05.2020 17:45,0.6,-2.7,2.1
07.05.2020 18:00,0.8,-3.7,2.9
07.05.2020 18:15,0.3,-4.0,3.7
07.05.2020 18:30,0.3,-4.8,4.5
07.05.2020 18:45,0.1,-5.1,5
07.05.2020 19:00,0.8,-4.9,4.1
07.05.2020 19:15,1.9,-5.2,3.3
07.05.2020 19:30,0.9,-5.1,4.2
07.05.2020 19:45,0.3,-5.1,4.8
07.05.2020 20:00,1.0,-5.3,4.3
07.05.2020 20:15,0.2,-5.0,4.8
07.05.2020 20:30,0.2,-5.0,4.8
07.05.2020 20:45,0.0,-5.0,5
07.05.2020 21:00,0.0,-5.0,5
07.05.2020 21:15,0.3,-5.3,5
07.05.2020 21:30,0.0,-5.0,5
07.05.2020 21:45,0.0,-5.0,5
07.05.2020 22:00,0.0,-5.0,5
07.05.2020 22:15,0.2,-5.0,4.8
07.05.2020 22:30,0.5,-4.7,4.2
07.05.2020 22:45,0.4,-4.0,3.6
07.05.2020 23:00,0.2,-3.0,2.8
07.05.2020 23:15,0.0,-2.1,2.1
07.05.2020 23:30,0.0,-1.4,1.4
07.05.2020 23:45,0.7,-1.3,0.6
08.05.2020 00:00,1.6,-3.2,1.6
08.05.2020 00:15,0.1,-2.4,2.3
08.05.2020 00:30,0.0,-1.5,1.5
08.05.2020 00:45,0.0,-2.3,2.3
08.05.2020 01:00,0.0,-2.9,2.9
08.05.2020 01:15,0.0,-2.8,2.8
08.05.2020 01:30,0.0,-2.0,2
08.05.2020 01:45,0.0,-1.2,1.2
08.05.2020 02:00,0.2,-0.5,0.3
08.05.2020 02:15,0.6,-0.6,0
08.05.2020 02:30,0.2,-1.1,0.9
08.05.2020 02:45,0.4,-0.9,0.5
08.05.2020 03:00,0.0,0.0,0
08.05.2020 03:15,0.2,-1.0,0.8
08.05.2020 03:30,0.2,-1.6,1.4
08.05.2020 03:45,0.0,-1.6,1.6
08.05.2020 04:00,0.0,-0.8,0.8
08.05.2020 04:15,0.0,0.0,0
08.05.2020 04:30,0.0,0.0,0
08.05.2020 04:45,0.3,-0.9,0.6
08.05.2020 05:00,0.0,-1.1,1.1
08.05.2020 05:15,0.0,-1.7,1.7
08.05.2020 05:30,0.0,-2.5,2.5
08.05.2020 05:45,0.3,-3.4,3.1
08.05.2020 06:00,0.3,-4.0,3.7
08.05.2020 06:15,0.7,-4.8,4.1
08.05.2020 06:30,1.8,-5.5,3.7
08.05.2020 06:45,1.3,-5.2,3.9
08.05.2020 07:00,0.5,-4.9,4.4
08.05.2020 07:15,1.3,-5.5,4.2
08.05.2020 07:30,1.1,-4.4,3.3
08.05.2020 07:45,1.1,-3.5,2.4
08.05.2020 08:00,1.2,-2.7,1.5
08.05.2020 08:15,1.4,-2.1,0.7
08.05.2020 08:30,1.2,-2.0,0.8
08.05.2020 08:45,0.8,-1.5,0.7
08.05.2020 09:00,1.3,-2.4,1.1
08.05.2020 09:15,3.0,-3.4,0.4
08.05.2020 09:30,2.2,-2.5,0.3
08.05.2020 09:45,1.2,-1.2,0
08.05.2020 10:00,1.2,-1.5,0.3
08.05.2020 10:15,0.0,-0.5,0.5
08.05.2020 10:30,0.0,-0.3,0.3
08.05.2020 10:45,0.2,-0.8,0.6
08.05.2020 11:00,0.9,-1.8,0.9
08.05.2020 11:15,2.0,-2.0,0
08.05.2020 11:30,1.2,-1.2,0
08.05.2020 11:45,0.7,-0.7,0
08.05.2020 12:00,0.0,0.0,0
08.05.2020 12:15,0.0,0.0,0
08.05.2020 12:30,0.0,0.0,0
08.05.2020 12:45,0.0,0.0,0
08.05.2020 13:00,0.3,-1.0,0.7
08.05.2020 13:15,0.0,-0.5,0.5
08.05.2020 13:30,0.6,-1.2,0.6
08.05.2020 13:45,0.0,0.0,0
08.05.2020 14:00,0.7,-0.7,0
08.05.2020 14:15,0.5,-0.5,0
08.05.2020 14:30,0.6,-0.6,0
08.05.2020 14:45,0.4,-0.4,0
08.05.2020 15:00,0.1,-0.1,0
08.05.2020 15:15,0.0,-0.1,0.1
08.05.2020 15:30,0.3,-0.3,0
08.05.2020 15:45,0.0,0.0,0
08.05.2020 16:00,0.6,-0.6,0
08.05.2020 16:15,0.3,-0.3,0
08.05.2020 16:30,1.1,-1.1,0
08.05.2020 16:45,1.1,-1.5,0.4
08.05.2020 17:00,0.0,0.0,0
08.05.2020 17:15,0.0,-0.7,0.7
08.05.2020 17:30,0.6,-1.1,0.5
08.05.2020 17:45,0.6,-1.6,1
08.05.2020 18:00,1.1,-2.5,1.4
08.05.2020 18:15,0.2,-2.4,2.2
08.05.2020 18:30,0.0,-3.0,3
08.05.2020 18:45,0.0,-3.9,3.9
08.05.2020 19:00,0.4,-5.2,4.8
08.05.2020 19:15,0.4,-5.3,4.9
08.05.2020 19:30,0.3,-5.3,5
08.05.2020 19:45,0.2,-5.0,4.8
08.05.2020 20:00,1.1,-5.7,4.6
08.05.2020 20:15,1.0,-5.3,4.3
08.05.2020 20:30,1.8,-5.2,3.4
08.05.2020 20:45,1.2,-5.1,3.9
08.05.2020 21:00,0.7,-5.2,4.5
08.05.2020 21:15,1.5,-5.9,4.4
08.05.2020 21:30,0.8,-4.5,3.7
08.05.2020 21:45,1.1,-4.1,3
08.05.2020 22:00,0.3,-2.9,2.6
08.05.2020 22:15,0.6,-2.3,1.7
08.05.2020 22:30,1.7,-2.6,0.9
08.05.2020 22:45,1.7,-2.3,0.6
08.05.2020 23:00,0.0,-1.4,1.4
08.05.2020 23:15,0.2,-0.9,0.7
08.05.2020 23:30,0.2,-0.2,0
08.05.2020 23:45,0.3,-0.5,0.2
09.05.2020 00:00,0.6,-1.6,1
09.05.2020 00:15,0.0,-0.9,0.9
09.05.2020 00:30,0.6,-1.7,1.1
09.05.2020 00:45,0.2,-1.6,1.4
09.05.2020 01:00,0.0,-2.2,2.2
09.05.2020 01:15,1.2,-3.3,2.1
09.05.2020 01:30,0.8,-2.4,1.6
09.05.2020 01:45,0.2,-1.0,0.8
09.05.2020 02:00,0.1,-0.1,0
09.05.2020 02:15,0.4,-0.4,0
09.05.2020 02:30,0.5,-0.5,0
09.05.2020 02:45,0.1,-0.3,0.2
09.05.2020 03:00,0.3,-0.3,0
09.05.2020 03:15,0.7,-1.3,0.6
09.05.2020 03:30,0.5,-0.7,0.2
09.05.2020 03:45,0.8,-1.1,0.3
09.05.2020 04:00,0.6,-0.6,0
09.05.2020 04:15,0.8,-0.8,0
09.05.2020 04:30,1.4,-1.6,0.2
09.05.2020 04:45,1.7,-1.7,0
09.05.2020 05:00,0.6,-0.6,0
09.05.2020 05:15,0.6,-0.6,0
09.05.2020 05:30,1.4,-1.4,0
09.05.2020 05:45,1.7,-1.8,0.1
09.05.2020 06:00,1.2,-1.6,0.4
09.05.2020 06:15,0.6,-0.6,0
09.05.2020 06:30,1.4,-1.6,0.2
09.05.2020 06:45,1.0,-1.2,0.2
09.05.2020 07:00,0.6,-0.7,0.1
09.05.2020 07:15,0.3,-0.6,0.3
09.05.2020 07:30,0.3,-0.3,0
09.05.2020 07:45,0.3,-0.3,0
09.05.2020 08:00,0.5,-0.6,0.1
09.05.2020 08:15,0.9,-0.9,0
09.05.2020 08:30,0.3,-0.8,0.5
09.05.2020 08:45,0.3,-0.7,0.4
09.05.2020 09:00,0.3,-1.2,0.9
09.05.2020 09:15,0.6,-0.8,0.2
09.05.2020 09:30,0.5,-0.5,0
09.05.2020 09:45,0.3,-0.3,0
09.05.2020 10:00,0.8,-0.8,0
09.05.2020 10:15,0.2,-0.2,0
09.05.2020 10:30,0.2,-0.2,0
09.05.2020 10:45,0.2,-0.2,0
09.05.2020 11:00,0.3,-0.9,0.6
09.05.2020 11:15,1.8,-1.9,0.1
09.05.2020 11:30,1.0,-1.5,0.5
09.05.2020 11:45,0.5,-0.7,0.2
09.05.2020 12:00,0.2,-1.2,1
09.05.2020 12:15,0.2,-1.8,1.6
09.05.2020 12:30,0.2,-1.0,0.8
09.05.2020 12:45,0.2,-1.7,1.5
09.05.2020 13:00,0.1,-0.9,0.8
09.05.2020 13:15,0.0,-0.3,0.3
09.05.2020 13:30,0.3,-0.8,0.5
09.05.2020 13:45,0.3,-1.4,1.1
09.05.2020 14:00,0.0,-1.3,1.3
09.05.2020 14:15,0.0,-1.7,1.7
09.05.2020 14:30,0.0,-1.7,1.7
09.05.2020 14:45,0.0,-0.9,0.9
09.05.2020 15:00,0.0,0.0,0
09.05.2020 15:15,0.3,-0.3,0
09.05.2020 15:30,0.2,-0.9,0.7
09.05.2020 15:45,0.3,-1.2,0.9
09.05.2020 16:00,0.0,-0.6,0.6
09.05.2020 16:15,0.3,-0.3,0
09.05.2020 16:30,0.2,-0.3,0.1
09.05.2020 16:45,0.9,-1.1,0.2
09.05.2020 17:00,0.0,-0.1,0.1
09.05.2020 17:15,0.0,-1.0,1
09.05.2020 17:30,0.3,-2.1,1.8
09.05.2020 17:45,0.8,-2.6,1.8
09.05.2020 18:00,0.9,-3.5,2.6
09.05.2020 18:15,0.0,-3.4,3.4
09.05.2020 18:30,0.2,-4.3,4.1
09.05.2020 18:45,0.8,-5.0,4.2
09.05.2020 19:00,1.6,-5.4,3.8
09.05.2020 19:15,0.7,-4.8,4.1
09.05.2020 19:30,0.2,-5.0,4.8
09.05.2020 19:45,0.0,-5.0,5
09.05.2020 20:00,0.1,-5.0,4.9
09.05.2020 20:15,0.6,-5.6,5
09.05.2020 20:30,0.6,-5.6,5
09.05.2020 20:45,0.9,-5.3,4.4
09.05.2020 21:00,0.0,-4.6,4.6
09.05.2020 21:15,0.0,-4.8,4.8
09.05.2020 21:30,0.2,-4.1,3.9
09.05.2020 21:45,0.2,-3.6,3.4
09.05.2020 22:00,0.3,-3.7,3.4
09.05.2020 22:15,0.1,-2.7,2.6
09.05.2020 22:30,0.3,-2.1,1.8
09.05.2020 22:45,0.0,-2.5,2.5
09.05.2020 23:00,0.0,-1.9,1.9
09.05.2020 23:15,0.4,-2.4,2
09.05.2020 23:30,0.3,-1.7,1.4
09.05.2020 23:45,0.2,-1.0,0.8
10.05.2020 00:00,0.2,-1.8,1.6
10.05.2020 00:15,0.2,-0.9,0.7
10.05.2020 00:30,0.0,0.0,0
10.05.2020 00:45,0.0,0.0,0
10.05.2020 01:00,0.4,-1.0,0.6
10.05.2020 01:15,0.7,-1.2,0.5
10.05.2020 01:30,0.3,-0.8,0.5
10.05.2020 01:45,0.0,-1.4,1.4
10.05.2020 02:00,0.0,-1.1,1.1
10.05.2020 02:15,0.0,-1.7,1.7
10.05.2020 02:30,0.0,-1.3,1.3
10.05.2020 02:45,0.1,-0.8,0.7
10.05.2020 03:00,0.3,-0.3,0
10.05.2020 03:15,0.3,-0.3,0
10.05.2020 03:30,0.3,-0.3,0
10.05.2020 03:45,0.3,-0.3,0
10.05.2020 04:00,0.3,-0.3,0
10.05.2020 04:15,0.3,-0.4,0.1
10.05.2020 04:30,0.3,-0.7,0.4
10.05.2020 04:45,0.4,-0.8,0.4
10.05.2020 05:00,0.0,-1.0,1
10.05.2020 05:15,0.2,-0.4,0.2
10.05.2020 05:30,0.1,-0.1,0
10.05.2020 05:45,0.4,-0.4,0
10.05.2020 06:00,0.7,-1.0,0.3
10.05.2020 06:15,0.1,-0.1,0
10.05.2020 06:30,0.1,-0.4,0.3
10.05.2020 06:45,0.1,-0.1,0
10.05.2020 07:00,0.4,-0.5,0.1
10.05.2020 07:15,0.3,-0.6,0.3
10.05.2020 07:30,0.0,-1.1,1.1
10.05.2020 07:45,0.1,-0.9,0.8
10.05.2020 08:00,0.5,-1.0,0.5
10.05.2020 08:15,0.7,-1.9,1.2
10.05.2020 08:30,0.3,-2.0,1.7
10.05.2020 08:45,0.3,-2.5,2.2
10.05.2020 09:00,0.5,-3.6,3.1
10.05.2020 09:15,0.3,-2.6,2.3
10.05.2020 09:30,0.2,-2.2,2
10.05.2020 09:45,0.4,-3.3,2.9
10.05.2020 10:00,0.4,-3.4,3
10.05.2020 10:15,0.2,-2.5,2.3
10.05.2020 10:30,0.3,-1.7,1.4
10.05.2020 10:45,0.3,-0.9,0.6
10.05.2020 11:00,0.4,-0.5,0.1
10.05.2020 11:15,0.3,-0.3,0
10.05.2020 11:30,0.0,0.0,0
10.05.2020 11:45,0.0,0.0,0
10.05.2020 12:00,0.0,-0.8,0.8
10.05.2020 12:15,0.0,0.0,0
10.05.2020 12:30,1.1,-1.1,0
10.05.2020 12:45,0.0,0.0,0
10.05.2020 13:00,0.6,-0.6,0
10.05.2020 13:15,0.0,0.0,0
10.05.2020 13:30,0.0,0.0,0
10.05.2020 13:45,0.0,0.0,0
10.05.2020 14:00,0.0,0.0,0
10.05.2020 14:15,0.0,0.0,0
10.05.2020 14:30,0.0,-0.9,0.9
10.05.2020 14:45,0.0,-1.5,1.5
10.05.2020 15:00,0.0,-2.3,2.3
10.05.2020 15:15,0.0,-2.5,2.5
10.05.2020 15:30,0.0,-3.1,3.1
10.05.2020 15:45,0.0,-3.1,3.1
10.05.2020 16:00,0.0,-2.3,2.3
10.05.2020 16:15,0.0,-1.5,1.5
10.05.2020 16:30,0.1,-1.8,1.7
10.05.2020 16:45,0.3,-1.2,0.9
10.05.2020 17:00,0.6,-2.0,1.4
10.05.2020 17:15,0.3,-1.0,0.7
10.05.2020 17:30,0.0,0.0,0
10.05.2020 17:45,2.1,-2.4,0.3
10.05.2020 18:00,0.3,-0.3,0
10.05.2020 18:15,0.3,-1.1,0.8
10.05.2020 18:30,0.3,-1.4,1.1
10.05.2020 18:45,1.0,-2.2,1.2
10.05.2020 19:00,0.2,-1.7,1.5
10.05.2020 19:15,0.6,-1.5,0.9
10.05.2020 19:30,2.0,-2.4,0.4
10.05.2020 19:45,1.6,-1.6,0
10.05.2020 20:00,0.8,-1.0,0.2
10.05.2020 20:15,0.0,-0.7,0.7
10.05.2020 20:30,0.3,-0.9,0.6
10.05.2020 20:45,0.2,-1.5,1.3
10.05.2020 21:00,0.5,-2.2,1.7
10.05.2020 21:15,0.2,-1.6,1.4
10.05.2020 21:30,0.2,-1.2,1
10.05.2020 21:45,1.5,-1.8,0.3
10.05.2020 22:00,0.8,-1.4,0.6
10.05.2020 22:15,0.7,-1.5,0.8
10.05.2020 22:30,1.1,-2.0,0.9
10.05.2020 22:45,0.3,-1.7,1.4
10.05.2020 23:00,0.2,-1.3,1.1
10.05.2020 23:15,0.3,-1.4,1.1
10.05.2020 23:30,0.0,-0.8,0.8
10.05.2020 23:45,0.0,-0.3,0.3
11.05.2020 00:00,1.4,-2.3,0.9
11.05.2020 00:15,0.0,0.0,0
11.05.2020 00:30,1.7,-1.7,0
11.05.2020 00:45,0.0,0.0,0
11.05.2020 01:00,0.6,-0.9,0.3
11.05.2020 01:15,0.0,-0.1,0.1
11.05.2020 01:30,0.0,0.0,0
11.05.2020 01:45,0.0,0.0,0
11.05.2020 02:00,0.3,-0.3,0
11.05.2020 02:15,0.0,0.0,0
11.05.2020 02:30,0.0,0.0,0
11.05.2020 02:45,0.3,-0.3,0
11.05.2020 03:00,0.0,-0.3,0.3
11.05.2020 03:15,0.0,0.0,0
11.05.2020 03:30,0.0,-0.3,0.3
11.05.2020 03:45,0.0,0.0,0
11.05.2020 04:00,0.0,0.0,0
11.05.2020 04:15,0.0,0.0,0
11.05.2020 04:30,0.0,-0.3,0.3
11.05.2020 04:45,0.5,-0.5,0
11.05.2020 05:00,0.3,-0.7,0.4
11.05.2020 05:15,0.3,-0.5,0.2
11.05.2020 05:30,0.9,-0.9,0
11.05.2020 05:45,1.1,-1.4,0.3
11.05.2020 06:00,0.2,-0.5,0.3
11.05.2020 06:15,0.2,-0.2,0
11.05.2020 06:30,0.5,-0.8,0.3
11.05.2020 06:45,1.8,-1.8,0
11.05.2020 07:00,0.0,-0.4,0.4
11.05.2020 07:15,0.0,-1.2,1.2
11.05.2020 07:30,0.3,-2.4,2.1
11.05.2020 07:45,0.3,-2.8,2.5
11.05.2020 08:00,0.7,-3.7,3
11.05.2020 08:15,0.4,-4.3,3.9
11.05.2020 08:30,0.3,-4.5,4.2
11.05.2020 08:45,0.0,-3.7,3.7
11.05.2020 09:00,0.0,-3.0,3
11.05.2020 09:15,0.0,-2.3,2.3
11.05.2020 09:30,0.1,-2.3,2.2
11.05.2020 09:45,0.0,-1.7,1.7
11.05.2020 10:00,0.7,-3.2,2.5
11.05.2020 10:15,0.0,-3.0,3
11.05.2020 10:30,0.0,-3.8,3.8
11.05.2020 10:45,0.0,-4.4,4.4
11.05.2020 11:00,0.0,-4.2,4.2
11.05.2020 11:15,0.0,-3.4,3.4
11.05.2020 11:30,0.0,-2.6,2.6
11.05.2020 11:45,0.0,-1.8,1.8
11.05.2020 12:00,0.1,-1.4,1.3
11.05.2020 12:15,0.1,-1.6,1.5
11.05.2020 12:30,0.2,-1.6,1.4
11.05.2020 12:45,0.1,-0.7,0.6
11.05.2020 13:00,1.2,-1.5,0.3
11.05.2020 13:15,0.2,-0.9,0.7
11.05.2020 13:30,0.0,-0.5,0.5
11.05.2020 13:45,0.0,0.0,0
11.05.2020 14:00,0.0,-0.8,0.8
11.05.2020 14:15,0.5,-1.2,0.7
11.05.2020 14:30,0.9,-1.5,0.6
11.05.2020 14:45,0.5,-1.6,1.1
11.05.2020 15:00,0.1,-0.9,0.8
11.05.2020 15:15,0.1,-0.5,0.4
11.05.2020 15:30,0.1,-0.1,0
11.05.2020 15:45,0.1,-0.1,0
11.05.2020 16:00,0.0,-0.3,0.3
11.05.2020 16:15,0.3,-0.3,0
11.05.2020 16:30,0.7,-1.0,0.3
11.05.2020 16:45,0.7,-0.7,0
11.05.2020 17:00,0.3,-0.3,0
11.05.2020 17:15,0.3,-0.3,0
11.05.2020 17:30,0.0,-0.4,0.4
11.05.2020 17:45,0.7,-0.7,0
11.05.2020 18:00,0.1,-0.1,0
11.05.2020 18:15,0.0,0.0,0
11.05.2020 18:30,0.9,-0.9,0
11.05.2020 18:45,1.3,-1.3,0
11.05.2020 19:00,0.5,-0.5,0
11.05.2020 19:15,0.5,-1.1,0.6
11.05.2020 19:30,1.5,-3.0,1.5
11.05.2020 19:45,0.5,-2.8,2.3
11.05.2020 20:00,0.0,-3.1,3.1
11.05.2020 20:15,0.0,-3.9,3.9
11.05.2020 20:30,0.0,-4.8,4.8
11.05.2020 20:45,0.0,-5.0,5
11.05.2020 21:00,0.0,-4.9,4.9
11.05.2020 21:15,0.2,-4.9,4.7
11.05.2020 21:30,0.5,-5.0,4.5
11.05.2020 21:45,0.0,-4.3,4.3
11.05.2020 22:00,0.0,-3.4,3.4
11.05.2020 22:15,0.0,-2.6,2.6
11.05.2020 22:30,0.0,-1.7,1.7
11.05.2020 22:45,0.6,-1.5,0.9
11.05.2020 23:00,1.7,-2.0,0.3
11.05.2020 23:15,1.4,-2.0,0.6
11.05.2020 23:30,0.9,-0.9,0
11.05.2020 23:45,0.0,0.0,0
12.05.2020 00:00,3.2,-3.9,0.7
12.05.2020 00:15,2.3,-2.6,0.3
12.05.2020 00:30,1.8,-2.0,0.2
12.05.2020 00:45,1.2,-1.4,0.2
12.05.2020 01:00,0.0,-1.0,1
12.05.2020 01:15,0.1,-0.9,0.8
12.05.2020 01:30,0.0,-1.2,1.2
12.05.2020 01:45,0.2,-1.2,1
12.05.2020 02:00,0.5,-0.9,0.4
12.05.2020 02:15,0.0,0.0,0
12.05.2020 02:30,0.1,-0.1,0
12.05.2020 02:45,1.1,-1.1,0
12.05.2020 03:00,0.2,-0.6,0.4
12.05.2020 03:15,0.1,-1.0,0.9
12.05.2020 03:30,1.8,-1.8,0
12.05.2020 03:45,0.4,-0.8,0.4
12.05.2020 04:00,0.0,-0.6,0.6
12.05.2020 04:15,0.0,-0.9,0.9
12.05.2020 04:30,0.1,-1.8,1.7
12.05.2020 04:45,0.0,-0.9,0.9
12.05.2020 05:00,0.2,-0.3,0.1
12.05.2020 05:15,0.0,0.0,0
12.05.2020 05:30,0.0,-0.8,0.8
12.05.2020 05:45,1.8,-2.2,0.4
12.05.2020 06:00,0.0,-0.9,0.9
12.05.2020 06:15,0.0,-1.7,1.7
12.05.2020 06:30,0.0,-2.6,2.6
12.05.2020 06:45,0.0,-3.4,3.4
12.05.2020 07:00,0.1,-4.2,4.1
12.05.2020 07:15,1.2,-5.5,4.3
12.05.2020 07:30,0.5,-5.3,4.8
12.05.2020 07:45,1.5,-6.5,5
12.05.2020 08:00,0.3,-5.3,5
12.05.2020 08:15,0.3,-5.3,5
12.05.2020 08:30,0.0,-5.0,5
12.05.2020 08:45,1.3,-5.4,4.1
12.05.2020 09:00,1.2,-5.3,4.1
12.05.2020 09:15,1.9,-5.6,3.7
12.05.2020 09:30,2.0,-5.4,3.4
12.05.2020 09:45,1.9,-6.2,4.3
12.05.2020 10:00,0.0,-3.4,3.4
12.05.2020 10:15,0.0,-3.2,3.2
12.05.2020 10:30,0.0,-3.9,3.9
12.05.2020 10:45,0.0,-4.8,4.8
12.05.2020 11:00,1.7,-6.6,4.9
12.05.2020 11:15,0.6,-5.6,5
12.05.2020 11:30,1.3,-5.8,4.5
12.05.2020 11:45,1.7,-5.6,3.9
12.05.2020 12:00,0.3,-4.8,4.5
12.05.2020 12:15,0.0,-4.3,4.3
12.05.2020 12:30,0.0,-4.2,4.2
12.05.2020 12:45,0.3,-4.5,4.2
12.05.2020 13:00,0.4,-3.8,3.4
12.05.2020 13:15,0.2,-2.8,2.6
12.05.2020 13:30,0.2,-1.9,1.7
12.05.2020 13:45,0.1,-1.0,0.9
12.05.2020 14:00,0.1,-0.2,0.1
12.05.2020 14:15,0.9,-0.9,0
12.05.2020 14:30,1.3,-2.0,0.7
12.05.2020 14:45,1.4,-2.9,1.5
12.05.2020 15:00,0.0,-1.7,1.7
12.05.2020 15:15,0.0,-0.9,0.9
12.05.2020 15:30,0.3,-1.9,1.6
12.05.2020 15:45,0.1,-1.7,1.6
12.05.2020 16:00,0.3,-1.0,0.7
12.05.2020 16:15,1.0,-2.0,1
12.05.2020 16:30,1.7,-3.2,1.5
12.05.2020 16:45,1.6,-3.9,2.3
12.05.2020 17:00,1.3,-4.0,2.7
12.05.2020 17:15,0.2,-3.8,3.6
12.05.2020 17:30,0.2,-4.7,4.5
12.05.2020 17:45,0.4,-5.4,5
12.05.2020 18:00,2.0,-6.6,4.6
12.05.2020 18:15,0.8,-5.8,5
12.05.2020 18:30,0.3,-5.3,5
12.05.2020 18:45,0.6,-5.3,4.7
12.05.2020 19:00,0.8,-5.2,4.4
12.05.2020 19:15,0.9,-5.9,5
12.05.2020 19:30,0.3,-5.0,4.7
12.05.2020 19:45,0.0,-5.0,5
12.05.2020 20:00,0.1,-5.1,5
12.05.2020 20:15,0.0,-5.0,5
12.05.2020 20:30,0.0,-5.0,5
12.05.2020 20:45,0.0,-5.0,5
12.05.2020 21:00,0.0,-5.0,5
12.05.2020 21:15,0.0,-5.0,5
12.05.2020 21:30,0.0,-5.0,5
12.05.2020 21:45,0.0,-5.0,5
12.05.2020 22:00,0.4,-5.1,4.7
12.05.2020 22:15,0.4,-5.4,5
12.05.2020 22:30,1.1,-5.3,4.2
12.05.2020 22:45,1.3,-4.6,3.3
12.05.2020 23:00,1.0,-3.5,2.5
12.05.2020 23:15,1.0,-2.6,1.6
12.05.2020 23:30,1.0,-1.8,0.8
12.05.2020 23:45,1.3,-1.3,0
13.05.2020 00:00,3.8,-4.7,0.9
13.05.2020 00:15,3.2,-3.8,0.6
13.05.2020 00:30,2.4,-3.1,0.7
13.05.2020 00:45,1.4,-1.6,0.2
13.05.2020 01:00,1.8,-2.3,0.5
13.05.2020 01:15,1.4,-1.5,0.1
13.05.2020 01:30,0.9,-0.9,0
13.05.2020 01:45,0.6,-0.6,0
13.05.2020 02:00,0.3,-0.4,0.1
13.05.2020 02:15,0.5,-0.8,0.3
13.05.2020 02:30,0.4,-0.9,0.5
13.05.2020 02:45,0.7,-1.1,0.4
13.05.2020 03:00,0.3,-1.1,0.8
13.05.2020 03:15,0.4,-0.6,0.2
13.05.2020 03:30,0.3,-0.3,0
13.05.2020 03:45,0.7,-0.7,0
13.05.2020 04:00,0.0,0.0,0
13.05.2020 04:15,0.6,-0.6,0
13.05.2020 04:30,0.7,-0.7,0
13.05.2020 04:45,0.9,-1.1,0.2
13.05.2020 05:00,0.0,-0.3,0.3
13.05.2020 05:15,0.1,-0.4,0.3
13.05.2020 05:30,0.0,-1.0,1
13.05.2020 05:45,0.0,-1.8,1.8
13.05.2020 06:00,0.1,-2.8,2.7
13.05.2020 06:15,0.0,-3.6,3.6
13.05.2020 06:30,0.4,-4.5,4.1
13.05.2020 06:45,1.7,-5.1,3.4
13.05.2020 07:00,2.7,-5.4,2.7
13.05.2020 07:15,2.6,-5.2,2.6
13.05.2020 07:30,1.5,-5.0,3.5
13.05.2020 07:45,1.8,-5.9,4.1
13.05.2020 08:00,0.8,-5.1,4.3
13.05.2020 08:15,1.1,-5.3,4.2
13.05.2020 08:30,2.0,-5.4,3.4
13.05.2020 08:45,2.5,-5.1,2.6
13.05.2020 09:00,2.7,-5.0,2.3
13.05.2020 09:15,3.2,-5.7,2.5
13.05.2020 09:30,2.3,-5.2,2.9
13.05.2020 09:45,2.9,-6.2,3.3
13.05.2020 10:00,1.6,-5.1,3.5
13.05.2020 10:15,1.9,-5.1,3.2
13.05.2020 10:30,1.6,-5.1,3.5
13.05.2020 10:45,2.3,-5.8,3.5
13.05.2020 11:00,1.2,-5.4,4.2
13.05.2020 11:15,0.1,-5.1,5
13.05.2020 11:30,0.1,-5.1,5
13.05.2020 11:45,0.1,-5.1,5
13.05.2020 12:00,0.0,-5.0,5
13.05.2020 12:15,0.0,-5.0,5
13.05.2020 12:30,0.3,-5.3,5
13.05.2020 12:45,0.0,-5.0,5
13.05.2020 13:00,0.3,-5.3,5
13.05.2020 13:15,0.0,-5.0,5
13.05.2020 13:30,0.0,-5.0,5
13.05.2020 13:45,0.0,-5.0,5
13.05.2020 14:00,3.4,-7.8,4.4
13.05.2020 14:15,2.2,-6.1,3.9
13.05.2020 14:30,2.7,-6.5,3.8
13.05.2020 14:45,2.6,-5.8,3.2
13.05.2020 15:00,3.2,-6.2,3
13.05.2020 15:15,3.4,-7.0,3.6
13.05.2020 15:30,3.0,-7.4,4.4
13.05.2020 15:45,2.2,-7.2,5
13.05.2020 16:00,0.0,-5.0,5
13.05.2020 16:15,0.0,-5.0,5
13.05.2020 16:30,0.0,-5.0,5
13.05.2020 16:45,0.6,-5.2,4.6
13.05.2020 17:00,1.7,-6.2,4.5
13.05.2020 17:15,0.6,-5.6,5
13.05.2020 17:30,0.0,-5.0,5
13.05.2020 17:45,0.0,-5.0,5
13.05.2020 18:00,2.0,-6.3,4.3
13.05.2020 18:15,1.7,-6.2,4.5
13.05.2020 18:30,2.0,-7.0,5
13.05.2020 18:45,1.2,-5.9,4.7
13.05.2020 19:00,1.0,-5.6,4.6
13.05.2020 19:15,0.3,-5.2,4.9
13.05.2020 19:30,0.1,-5.0,4.9
13.05.2020 19:45,0.2,-5.2,5
13.05.2020 20:00,0.2,-5.0,4.8
13.05.2020 20:15,0.1,-5.0,4.9
13.05.2020 20:30,0.8,-5.3,4.5
13.05.2020 20:45,1.3,-5.9,4.6
13.05.2020 21:00,0.5,-5.5,5
13.05.2020 21:15,1.0,-5.3,4.3
13.05.2020 21:30,0.8,-5.3,4.5
13.05.2020 21:45,1.6,-5.6,4
13.05.2020 22:00,0.0,-4.4,4.4
13.05.2020 22:15,0.0,-3.5,3.5
13.05.2020 22:30,0.0,-2.7,2.7
13.05.2020 22:45,0.9,-2.7,1.8
13.05.2020 23:00,0.2,-1.5,1.3
13.05.2020 23:15,0.5,-1.3,0.8
13.05.2020 23:30,0.3,-1.3,1
13.05.2020 23:45,0.5,-0.6,0.1
14.05.2020 00:00,1.7,-2.8,1.1
14.05.2020 00:15,0.6,-2.6,2
14.05.2020 00:30,0.4,-1.6,1.2
14.05.2020 00:45,0.3,-1.1,0.8
14.05.2020 01:00,0.4,-0.5,0.1
14.05.2020 01:15,0.5,-0.5,0
14.05.2020 01:30,0.0,-0.3,0.3
14.05.2020 01:45,0.1,-0.1,0
14.05.2020 02:00,0.2,-0.5,0.3
14.05.2020 02:15,0.0,0.0,0
14.05.2020 02:30,0.0,-0.3,0.3
14.05.2020 02:45,0.0,-0.3,0.3
14.05.2020 03:00,0.0,-0.7,0.7
14.05.2020 03:15,0.2,-0.2,0
14.05.2020 03:30,0.2,-0.2,0
14.05.2020 03:45,0.2,-0.5,0.3
14.05.2020 04:00,0.3,-0.4,0.1
14.05.2020 04:15,0.3,-0.3,0
14.05.2020 04:30,0.0,0.0,0
14.05.2020 04:45,1.4,-1.4,0
14.05.2020 05:00,0.0,0.0,0
14.05.2020 05:15,0.6,-0.9,0.3
14.05.2020 05:30,0.0,-0.6,0.6
14.05.2020 05:45,0.6,-1.0,0.4
14.05.2020 06:00,0.4,-0.9,0.5
14.05.2020 06:15,0.0,-1.1,1.1
14.05.2020 06:30,0.0,-1.9,1.9
14.05.2020 06:45,0.1,-2.9,2.8
14.05.2020 07:00,0.7,-4.1,3.4
14.05.2020 07:15,1.9,-6.2,4.3
14.05.2020 07:30,0.6,-5.6,5
14.05.2020 07:45,1.0,-6.0,5
14.05.2020 08:00,0.0,-5.0,5
14.05.2020 08:15,0.0,-5.0,5
14.05.2020 08:30,0.9,-5.3,4.4
14.05.2020 08:45,2.0,-5.5,3.5
14.05.2020 09:00,2.6,-5.3,2.7
14.05.2020 09:15,3.5,-6.0,2.5
14.05.2020 09:30,3.1,-5.7,2.6
14.05.2020 09:45,1.6,-5.0,3.4
14.05.2020 10:00,0.0,-4.3,4.3
14.05.2020 10:15,0.2,-4.5,4.3
14.05.2020 10:30,1.0,-4.5,3.5
14.05.2020 10:45,2.0,-5.0,3
14.05.2020 11:00,1.6,-5.0,3.4
14.05.2020 11:15,1.5,-4.1,2.6
14.05.2020 11:30,1.5,-3.3,1.8
14.05.2020 11:45,1.6,-2.9,1.3
14.05.2020 12:00,1.0,-3.1,2.1
14.05.2020 12:15,1.0,-3.6,2.6
14.05.2020 12:30,0.3,-3.3,3
14.05.2020 12:45,0.3,-2.5,2.2
14.05.2020 13:00,0.3,-2.0,1.7
14.05.2020 13:15,0.4,-1.7,1.3
14.05.2020 13:30,0.4,-0.9,0.5
14.05.2020 13:45,0.6,-0.8,0.2
14.05.2020 14:00,1.6,-1.8,0.2
14.05.2020 14:15,0.8,-0.8,0
14.05.2020 14:30,0.3,-0.3,0
14.05.2020 14:45,0.0,0.0,0
14.05.2020 15:00,1.3,-2.2,0.9
14.05.2020 15:15,0.0,-1.5,1.5
14.05.2020 15:30,0.3,-1.5,1.2
14.05.2020 15:45,0.5,-0.9,0.4
14.05.2020 16:00,0.1,-1.0,0.9
14.05.2020 16:15,0.8,-2.0,1.2
14.05.2020 16:30,0.7,-2.2,1.5
14.05.2020 16:45,0.0,-0.8,0.8
14.05.2020 17:00,0.4,-0.9,0.5
14.05.2020 17:15,0.6,-1.3,0.7
14.05.2020 17:30,0.3,-1.8,1.5
14.05.2020 17:45,0.3,-2.5,2.2
14.05.2020 18:00,0.9,-3.9,3
14.05.2020 18:15,0.0,-3.9,3.9
14.05.2020 18:30,0.0,-4.8,4.8
14.05.2020 18:45,0.0,-5.0,5
14.05.2020 19:00,0.0,-5.0,5
14.05.2020 19:15,0.1,-5.1,5
14.05.2020 19:30,0.0,-5.0,5
14.05.2020 19:45,0.4,-5.0,4.6
14.05.2020 20:00,0.0,-5.0,5
14.05.2020 20:15,0.3,-5.3,5
14.05.2020 20:30,0.0,-5.0,5
14.05.2020 20:45,0.3,-5.0,4.7
14.05.2020 21:00,0.0,-5.0,5
14.05.2020 21:15,0.0,-5.0,5
14.05.2020 21:30,0.2,-5.2,5
14.05.2020 21:45,1.3,-5.8,4.5
14.05.2020 22:00,0.9,-4.8,3.9
14.05.2020 22:15,1.0,-4.2,3.2
14.05.2020 22:30,0.8,-3.4,2.6
14.05.2020 22:45,0.8,-2.9,2.1
14.05.2020 23:00,0.1,-1.6,1.5
14.05.2020 23:15,0.3,-1.0,0.7
14.05.2020 23:30,0.3,-0.3,0
14.05.2020 23:45,0.3,-0.6,0.3
15.05.2020 00:00,1.0,-1.5,0.5
15.05.2020 00:15,0.8,-0.8,0
15.05.2020 00:30,0.0,0.0,0
15.05.2020 00:45,0.5,-0.5,0
15.05.2020 01:00,0.3,-0.6,0.3
15.05.2020 01:15,0.3,-0.3,0
15.05.2020 01:30,0.3,-0.3,0
15.05.2020 01:45,0.1,-0.3,0.2
15.05.2020 02:00,0.6,-0.7,0.1
15.05.2020 02:15,0.0,-0.1,0.1
15.05.2020 02:30,0.2,-0.3,0.1
15.05.2020 02:45,0.0,0.0,0
15.05.2020 03:00,0.2,-0.2,0
15.05.2020 03:15,0.3,-0.4,0.1
15.05.2020 03:30,0.3,-0.3,0
15.05.2020 03:45,0.1,-1.0,0.9
15.05.2020 04:00,0.6,-0.6,0
15.05.2020 04:15,0.3,-0.3,0
15.05.2020 04:30,0.6,-0.6,0
15.05.2020 04:45,1.1,-1.1,0
15.05.2020 05:00,0.0,-0.9,0.9
15.05.2020 05:15,0.0,-1.7,1.7
15.05.2020 05:30,0.0,-2.5,2.5
15.05.2020 05:45,0.1,-3.3,3.2
15.05.2020 06:00,1.6,-5.0,3.4
15.05.2020 06:15,1.1,-5.0,3.9
15.05.2020 06:30,1.1,-5.4,4.3
15.05.2020 06:45,1.0,-5.2,4.2
15.05.2020 07:00,0.9,-5.1,4.2
15.05.2020 07:15,0.3,-5.3,5
15.05.2020 07:30,0.2,-5.2,5
15.05.2020 07:45,1.3,-5.6,4.3
15.05.2020 08:00,0.0,-5.0,5
15.05.2020 08:15,0.0,-5.0,5
15.05.2020 08:30,0.0,-5.0,5
15.05.2020 08:45,0.0,-5.0,5
15.05.2020 09:00,0.0,-5.0,5
15.05.2020 09:15,0.0,-5.0,5
15.05.2020 09:30,0.0,-5.0,5
15.05.2020 09:45,0.2,-5.2,5
15.05.2020 10:00,0.6,-5.0,4.4
15.05.2020 10:15,0.9,-5.8,4.9
15.05.2020 10:30,0.7,-5.0,4.3
15.05.2020 10:45,1.5,-5.0,3.5
15.05.2020 11:00,1.0,-4.4,3.4
15.05.2020 11:15,0.0,-3.3,3.3
15.05.2020 11:30,0.1,-2.6,2.5
15.05.2020 11:45,0.5,-2.3,1.8
15.05.2020 12:00,0.2,-2.8,2.6
15.05.2020 12:15,0.0,-3.5,3.5
15.05.2020 12:30,0.0,-4.1,4.1
15.05.2020 12:45,0.0,-3.3,3.3
15.05.2020 13:00,0.0,-2.5,2.5
15.05.2020 13:15,0.0,-1.6,1.6
15.05.2020 13:30,0.0,-0.8,0.8
15.05.2020 13:45,0.0,0.0,0
15.05.2020 14:00,0.0,-0.7,0.7
15.05.2020 14:15,0.5,-0.9,0.4
15.05.2020 14:30,0.0,-0.3,0.3
15.05.2020 14:45,0.0,0.0,0
15.05.2020 15:00,0.2,-0.5,0.3
15.05.2020 15:15,0.1,-0.1,0
15.05.2020 15:30,0.0,0.0,0
15.05.2020 15:45,0.9,-0.9,0
15.05.2020 16:00,0.0,-0.5,0.5
15.05.2020 16:15,0.0,0.0,0
15.05.2020 16:30,0.0,0.0,0
15.05.2020 16:45,0.2,-0.2,0
15.05.2020 17:00,0.3,-0.7,0.4
15.05.2020 17:15,0.8,-0.8,0
15.05.2020 17:30,0.8,-1.1,0.3
15.05.2020 17:45,0.0,-0.9,0.9
15.05.2020 18:00,0.0,0.0,0
15.05.2020 18:15,0.9,-0.9,0
15.05.2020 18:30,1.7,-1.7,0
15.05.2020 18:45,1.6,-1.6,0
15.05.2020 19:00,0.5,-1.0,0.5
15.05.2020 19:15,0.1,-1.2,1.1
15.05.2020 19:30,0.4,-1.8,1.4
15.05.2020 19:45,1.9,-2.5,0.6
15.05.2020 20:00,2.8,-3.8,1
15.05.2020 20:15,3.9,-5.4,1.5
15.05.2020 20:30,2.2,-4.4,2.2
15.05.2020 20:45,1.6,-4.3,2.7
15.05.2020 21:00,0.0,-3.6,3.6
15.05.2020 21:15,0.0,-2.9,2.9
15.05.2020 21:30,0.0,-2.1,2.1
15.05.2020 21:45,0.5,-2.8,2.3
15.05.2020 22:00,0.0,-3.1,3.1
15.05.2020 22:15,0.0,-2.3,2.3
15.05.2020 22:30,0.0,-1.5,1.5
15.05.2020 22:45,0.0,-1.4,1.4
15.05.2020 23:00,0.3,-1.4,1.1
15.05.2020 23:15,0.7,-1.1,0.4
15.05.2020 23:30,0.0,-0.3,0.3
15.05.2020 23:45,0.3,-0.5,0.2
16.05.2020 00:00,1.3,-2.4,1.1
16.05.2020 00:15,0.1,-0.4,0.3
16.05.2020 00:30,0.1,-0.1,0
16.05.2020 00:45,0.3,-0.3,0
16.05.2020 01:00,0.6,-0.6,0
16.05.2020 01:15,0.5,-0.5,0
16.05.2020 01:30,0.2,-0.2,0
16.05.2020 01:45,0.6,-0.9,0.3
16.05.2020 02:00,0.5,-0.8,0.3
16.05.2020 02:15,0.3,-0.6,0.3
16.05.2020 02:30,0.0,0.0,0
16.05.2020 02:45,0.0,-0.3,0.3
16.05.2020 03:00,0.0,0.0,0
16.05.2020 03:15,0.0,0.0,0
16.05.2020 03:30,0.0,0.0,0
16.05.2020 03:45,0.3,-0.3,0
16.05.2020 04:00,0.6,-0.6,0
16.05.2020 04:15,0.5,-0.5,0
16.05.2020 04:30,0.0,0.0,0
16.05.2020 04:45,0.5,-0.5,0
16.05.2020 05:00,0.7,-0.7,0
16.05.2020 05:15,0.0,0.0,0
16.05.2020 05:30,0.0,0.0,0
16.05.2020 05:45,0.2,-0.5,0.3
16.05.2020 06:00,0.0,0.0,0
16.05.2020 06:15,0.0,-0.1,0.1
16.05.2020 06:30,0.0,0.0,0
16.05.2020 06:45,0.0,0.0,0
16.05.2020 07:00,0.2,-0.8,0.6
16.05.2020 07:15,0.6,-0.6,0
16.05.2020 07:30,0.0,-0.8,0.8
16.05.2020 07:45,1.3,-1.4,0.1
16.05.2020 08:00,0.8,-1.6,0.8
16.05.2020 08:15,0.0,0.0,0
16.05.2020 08:30,0.0,0.0,0
16.05.2020 08:45,0.0,0.0,0
16.05.2020 09:00,0.8,-0.8,0
16.05.2020 09:15,0.0,-0.3,0.3
16.05.2020 09:30,1.3,-1.4,0.1
16.05.2020 09:45,0.0,0.0,0
16.05.2020 10:00,0.0,-0.8,0.8
16.05.2020 10:15,0.3,-1.0,0.7
16.05.2020 10:30,1.0,-1.0,0
16.05.2020 10:45,0.4,-0.5,0.1
16.05.2020 11:00,0.3,-1.0,0.7
16.05.2020 11:15,0.5,-0.5,0
16.05.2020 11:30,0.0,0.0,0
16.05.2020 11:45,0.0,0.0,0
16.05.2020 12:00,0.3,-0.7,0.4
16.05.2020 12:15,0.5,-0.5,0
16.05.2020 12:30,0.6,-0.9,0.3
16.05.2020 12:45,0.0,0.0,0
16.05.2020 13:00,0.8,-0.8,0
16.05.2020 13:15,0.2,-0.2,0
16.05.2020 13:30,0.2,-0.2,0
16.05.2020 13:45,0.2,-0.2,0
16.05.2020 14:00,0.0,0.0,0
16.05.2020 14:15,0.3,-0.3,0
16.05.2020 14:30,0.0,0.0,0
16.05.2020 14:45,0.0,0.0,0
16.05.2020 15:00,0.0,0.0,0
16.05.2020 15:15,0.0,0.0,0
16.05.2020 15:30,0.0,-0.3,0.3
16.05.2020 15:45,0.0,-0.5,0.5
16.05.2020 16:00,0.0,0.0,0
16.05.2020 16:15,0.5,-0.8,0.3
16.05.2020 16:30,0.0,0.0,0
16.05.2020 16:45,1.3,-1.3,0
16.05.2020 17:00,0.0,-0.3,0.3
16.05.2020 17:15,0.0,-0.3,0.3
16.05.2020 17:30,0.3,-1.1,0.8
16.05.2020 17:45,0.0,-1.1,1.1
16.05.2020 18:00,0.0,-0.5,0.5
16.05.2020 18:15,0.2,-1.4,1.2
16.05.2020 18:30,0.0,-2.1,2.1
16.05.2020 18:45,0.0,-2.9,2.9
16.05.2020 19:00,0.6,-3.9,3.3
16.05.2020 19:15,0.0,-4.2,4.2
16.05.2020 19:30,0.0,-5.0,5
16.05.2020 19:45,0.0,-5.0,5
16.05.2020 20:00,0.7,-5.6,4.9
16.05.2020 20:15,0.4,-5.4,5
16.05.2020 20:30,0.3,-5.0,4.7
16.05.2020 20:45,0.0,-5.0,5
16.05.2020 21:00,0.3,-4.7,4.4
16.05.2020 21:15,0.6,-4.5,3.9
16.05.2020 21:30,0.1,-3.5,3.4
16.05.2020 21:45,0.3,-3.6,3.3
16.05.2020 22:00,0.0,-2.8,2.8
16.05.2020 22:15,0.0,-2.8,2.8
16.05.2020 22:30,0.3,-3.3,3
16.05.2020 22:45,1.1,-4.5,3.4
16.05.2020 23:00,0.0,-3.3,3.3
16.05.2020 23:15,0.0,-2.5,2.5
16.05.2020 23:30,0.0,-1.6,1.6
16.05.2020 23:45,0.0,-0.8,0.8
17.05.2020 00:00,1.2,-1.2,0
17.05.2020 00:15,0.4,-0.4,0
17.05.2020 00:30,0.0,-0.1,0.1
17.05.2020 00:45,0.0,0.0,0
17.05.2020 01:00,1.5,-2.2,0.7
17.05.2020 01:15,0.7,-1.4,0.7
17.05.2020 01:30,0.5,-0.5,0
17.05.2020 01:45,0.6,-1.2,0.6
17.05.2020 02:00,0.7,-2.1,1.4
17.05.2020 02:15,0.7,-2.1,1.4
17.05.2020 02:30,0.4,-1.6,1.2
17.05.2020 02:45,0.4,-1.0,0.6
17.05.2020 03:00,0.2,-0.5,0.3
17.05.2020 03:15,0.3,-0.5,0.2
17.05.2020 03:30,0.0,-0.3,0.3
17.05.2020 03:45,0.3,-0.3,0
17.05.2020 04:00,0.2,-0.4,0.2
17.05.2020 04:15,0.0,-0.6,0.6
17.05.2020 04:30,0.2,-0.6,0.4
17.05.2020 04:45,0.3,-1.2,0.9
17.05.2020 05:00,0.0,-0.8,0.8
17.05.2020 05:15,0.1,-0.4,0.3
17.05.2020 05:30,0.6,-0.6,0
17.05.2020 05:45,0.0,-0.3,0.3
17.05.2020 06:00,0.9,-0.9,0
17.05.2020 06:15,0.7,-0.7,0
17.05.2020 06:30,0.5,-0.7,0.2
17.05.2020 06:45,0.5,-0.9,0.4
17.05.2020 07:00,0.0,-0.9,0.9
17.05.2020 07:15,1.0,-1.9,0.9
17.05.2020 07:30,1.1,-1.2,0.1
17.05.2020 07:45,0.0,-0.8,0.8
17.05.2020 08:00,0.8,-1.6,0.8
17.05.2020 08:15,0.0,-1.2,1.2
17.05.2020 08:30,0.4,-1.1,0.7
17.05.2020 08:45,0.1,-0.4,0.3
17.05.2020 09:00,0.0,-0.9,0.9
17.05.2020 09:15,0.7,-1.5,0.8
17.05.2020 09:30,0.1,-0.9,0.8
17.05.2020 09:45,0.0,-0.4,0.4
17.05.2020 10:00,1.1,-1.1,0
17.05.2020 10:15,0.8,-0.8,0
17.05.2020 10:30,0.8,-1.1,0.3
17.05.2020 10:45,0.5,-0.7,0.2
17.05.2020 11:00,0.3,-0.3,0
17.05.2020 11:15,0.0,-0.8,0.8
17.05.2020 11:30,0.0,-0.8,0.8
17.05.2020 11:45,0.2,-1.1,0.9
17.05.2020 12:00,0.5,-1.6,1.1
17.05.2020 12:15,0.7,-2.4,1.7
17.05.2020 12:30,0.8,-1.7,0.9
17.05.2020 12:45,1.1,-1.3,0.2
17.05.2020 13:00,0.9,-0.9,0
17.05.2020 13:15,0.9,-0.9,0
17.05.2020 13:30,0.9,-0.9,0
17.05.2020 13:45,0.9,-0.9,0
17.05.2020 14:00,0.0,0.0,0
17.05.2020 14:15,0.0,0.0,0
17.05.2020 14:30,0.0,0.0,0
17.05.2020 14:45,0.0,0.0,0
17.05.2020 15:00,0.0,0.0,0
17.05.2020 15:15,0.0,0.0,0
17.05.2020 15:30,0.0,0.0,0
17.05.2020 15:45,0.0,0.0,0
17.05.2020 16:00,0.0,0.0,0
17.05.2020 16:15,0.0,-0.3,0.3
17.05.2020 16:30,0.0,-0.4,0.4
17.05.2020 16:45,0.8,-1.7,0.9
17.05.2020 17:00,0.0,-1.4,1.4
17.05.2020 17:15,1.3,-2.4,1.1
17.05.2020 17:30,1.0,-1.7,0.7
17.05.2020 17:45,1.4,-1.4,0
17.05.2020 18:00,0.0,0.0,0
17.05.2020 18:15,0.8,-0.8,0
17.05.2020 18:30,1.6,-1.8,0.2
17.05.2020 18:45,0.9,-0.9,0
17.05.2020 19:00,0.1,-0.3,0.2
17.05.2020 19:15,0.3,-1.2,0.9
17.05.2020 19:30,0.6,-1.8,1.2
17.05.2020 19:45,0.5,-1.8,1.3
17.05.2020 20:00,0.0,-2.0,2
17.05.2020 20:15,0.0,-2.8,2.8
17.05.2020 20:30,0.0,-3.6,3.6
17.05.2020 20:45,0.0,-4.5,4.5
17.05.2020 21:00,1.3,-5.3,4
17.05.2020 21:15,1.8,-5.1,3.3
17.05.2020 21:30,1.0,-3.9,2.9
17.05.2020 21:45,0.9,-3.4,2.5
17.05.2020 22:00,0.4,-3.4,3
17.05.2020 22:15,0.2,-4.0,3.8
17.05.2020 22:30,0.2,-3.2,3
17.05.2020 22:45,0.1,-2.3,2.2
17.05.2020 23:00,0.1,-1.5,1.4
17.05.2020 23:15,0.4,-1.0,0.6
17.05.2020 23:30,0.5,-0.5,0
17.05.2020 23:45,0.7,-0.7,0
18.05.2020 00:00,0.9,-1.2,0.3
18.05.2020 00:15,0.4,-1.2,0.8
18.05.2020 00:30,0.0,-1.6,1.6
18.05.2020 00:45,0.0,-1.9,1.9
18.05.2020 01:00,0.0,-2.3,2.3
18.05.2020 01:15,0.2,-2.7,2.5
18.05.2020 01:30,0.0,-1.7,1.7
18.05.2020 01:45,0.0,-1.1,1.1
18.05.2020 02:00,0.0,-1.4,1.4
18.05.2020 02:15,0.0,-2.0,2
18.05.2020 02:30,0.0,-2.2,2.2
18.05.2020 02:45,0.0,-1.4,1.4
18.05.2020 03:00,0.7,-2.8,2.1
18.05.2020 03:15,0.2,-2.5,2.3
18.05.2020 03:30,0.0,-1.6,1.6
18.05.2020 03:45,0.0,-0.8,0.8
18.05.2020 04:00,0.8,-1.5,0.7
18.05.2020 04:15,0.4,-0.4,0
18.05.2020 04:30,0.0,-0.8,0.8
18.05.2020 04:45,0.2,-1.3,1.1
18.05.2020 05:00,0.3,-1.1,0.8
18.05.2020 05:15,1.3,-1.3,0
18.05.2020 05:30,0.0,-0.3,0.3
18.05.2020 05:45,0.0,-1.2,1.2
18.05.2020 06:00,0.8,-2.9,2.1
18.05.2020 06:15,0.2,-3.1,2.9
18.05.2020 06:30,0.0,-3.7,3.7
18.05.2020 06:45,0.0,-4.6,4.6
18.05.2020 07:00,0.6,-5.0,4.4
18.05.2020 07:15,0.3,-5.3,5
18.05.2020 07:30,0.6,-5.5,4.9
18.05.2020 07:45,0.5,-5.4,4.9
18.05.2020 08:00,0.0,-5.0,5
18.05.2020 08:15,0.6,-5.6,5
18.05.2020 08:30,1.7,-5.9,4.2
18.05.2020 08:45,3.3,-6.9,3.6
18.05.2020 09:00,1.0,-4.7,3.7
18.05.2020 09:15,0.8,-3.6,2.8
18.05.2020 09:30,0.7,-2.8,2.1
18.05.2020 09:45,0.5,-1.9,1.4
18.05.2020 10:00,0.5,-1.3,0.8
18.05.2020 10:15,0.3,-0.6,0.3
18.05.2020 10:30,0.6,-1.4,0.8
18.05.2020 10:45,0.1,-1.5,1.4
18.05.2020 11:00,0.4,-2.7,2.3
18.05.2020 11:15,0.0,-1.9,1.9
18.05.2020 11:30,0.4,-1.5,1.1
18.05.2020 11:45,1.0,-1.2,0.2
18.05.2020 12:00,1.0,-1.4,0.4
18.05.2020 12:15,0.9,-0.9,0
18.05.2020 12:30,0.3,-0.3,0
18.05.2020 12:45,0.3,-0.6,0.3
18.05.2020 13:00,0.3,-0.9,0.6
18.05.2020 13:15,0.3,-0.9,0.6
18.05.2020 13:30,0.3,-1.2,0.9
18.05.2020 13:45,0.3,-1.2,0.9
18.05.2020 14:00,0.5,-1.8,1.3
18.05.2020 14:15,1.4,-2.2,0.8
18.05.2020 14:30,1.3,-2.3,1
18.05.2020 14:45,0.4,-1.3,0.9
18.05.2020 15:00,0.3,-0.6,0.3
18.05.2020 15:15,0.3,-0.3,0
18.05.2020 15:30,0.3,-0.3,0
18.05.2020 15:45,0.3,-0.3,0
18.05.2020 16:00,0.0,0.0,0
18.05.2020 16:15,0.0,0.0,0
18.05.2020 16:30,0.0,-0.6,0.6
18.05.2020 16:45,0.3,-0.8,0.5
18.05.2020 17:00,0.1,-0.1,0
18.05.2020 17:15,0.3,-0.8,0.5
18.05.2020 17:30,0.1,-1.4,1.3
18.05.2020 17:45,0.8,-2.3,1.5
18.05.2020 18:00,0.8,-2.9,2.1
18.05.2020 18:15,0.0,-2.9,2.9
18.05.2020 18:30,0.0,-3.8,3.8
18.05.2020 18:45,0.0,-4.7,4.7
18.05.2020 19:00,1.3,-6.2,4.9
18.05.2020 19:15,1.5,-6.4,4.9
18.05.2020 19:30,0.0,-5.0,5
18.05.2020 19:45,0.0,-5.0,5
18.05.2020 20:00,0.1,-5.0,4.9
18.05.2020 20:15,0.3,-5.3,5
18.05.2020 20:30,0.0,-5.0,5
18.05.2020 20:45,0.0,-5.0,5
18.05.2020 21:00,0.0,-5.0,5
18.05.2020 21:15,0.3,-5.3,5
18.05.2020 21:30,0.0,-5.0,5
18.05.2020 21:45,0.0,-5.0,5
18.05.2020 22:00,0.0,-5.0,5
18.05.2020 22:15,0.6,-5.4,4.8
18.05.2020 22:30,0.7,-5.0,4.3
18.05.2020 22:45,0.9,-4.3,3.4
18.05.2020 23:00,0.8,-3.6,2.8
18.05.2020 23:15,0.5,-2.8,2.3
18.05.2020 23:30,0.3,-1.8,1.5
18.05.2020 23:45,0.3,-1.2,0.9
19.05.2020 00:00,0.6,-1.5,0.9
19.05.2020 00:15,0.4,-1.4,1
19.05.2020 00:30,0.5,-1.3,0.8
19.05.2020 00:45,0.5,-1.5,1
19.05.2020 01:00,0.7,-1.6,0.9
19.05.2020 01:15,0.5,-2.2,1.7
19.05.2020 01:30,0.5,-2.4,1.9
19.05.2020 01:45,0.5,-1.9,1.4
19.05.2020 02:00,0.3,-1.0,0.7
19.05.2020 02:15,0.5,-0.5,0
19.05.2020 02:30,0.2,-0.2,0
19.05.2020 02:45,0.3,-0.3,0
19.05.2020 03:00,1.2,-1.3,0.1
19.05.2020 03:15,0.6,-0.6,0
19.05.2020 03:30,0.8,-0.9,0.1
19.05.2020 03:45,0.6,-0.6,0
19.05.2020 04:00,0.3,-0.3,0
19.05.2020 04:15,0.6,-0.6,0
19.05.2020 04:30,0.3,-0.6,0.3
19.05.2020 04:45,1.2,-1.2,0
19.05.2020 05:00,0.5,-0.8,0.3
19.05.2020 05:15,0.0,-0.1,0.1
19.05.2020 05:30,0.6,-1.2,0.6
19.05.2020 05:45,1.0,-1.9,0.9
19.05.2020 06:00,0.5,-2.2,1.7
19.05.2020 06:15,0.1,-2.5,2.4
19.05.2020 06:30,0.0,-3.2,3.2
19.05.2020 06:45,0.7,-4.2,3.5
19.05.2020 07:00,2.3,-5.5,3.2
19.05.2020 07:15,3.1,-6.0,2.9
19.05.2020 07:30,1.5,-4.9,3.4
19.05.2020 07:45,0.5,-4.7,4.2
19.05.2020 08:00,0.1,-5.0,4.9
19.05.2020 08:15,1.0,-5.1,4.1
19.05.2020 08:30,0.9,-4.2,3.3
19.05.2020 08:45,1.4,-3.9,2.5
19.05.2020 09:00,2.3,-3.9,1.6
19.05.2020 09:15,2.5,-3.3,0.8
19.05.2020 09:30,3.1,-3.3,0.2
19.05.2020 09:45,2.2,-2.5,0.3
19.05.2020 10:00,2.0,-2.5,0.5
19.05.2020 10:15,1.4,-1.5,0.1
19.05.2020 10:30,0.3,-0.3,0
19.05.2020 10:45,0.0,-0.3,0.3
19.05.2020 11:00,0.9,-0.9,0
19.05.2020 11:15,1.5,-1.5,0
19.05.2020 11:30,0.5,-0.5,0
19.05.2020 11:45,0.0,-0.7,0.7
19.05.2020 12:00,1.4,-2.5,1.1
19.05.2020 12:15,1.0,-1.5,0.5
19.05.2020 12:30,1.0,-1.1,0.1
19.05.2020 12:45,0.5,-0.5,0
19.05.2020 13:00,0.3,-0.3,0
19.05.2020 13:15,0.5,-0.8,0.3
19.05.2020 13:30,0.0,0.0,0
19.05.2020 13:45,0.3,-0.3,0
19.05.2020 14:00,0.0,0.0,0
19.05.2020 14:15,0.0,-0.7,0.7
19.05.2020 14:30,0.4,-1.9,1.5
19.05.2020 14:45,0.4,-1.5,1.1
19.05.2020 15:00,0.0,-0.2,0.2
19.05.2020 15:15,0.2,-0.5,0.3
19.05.2020 15:30,0.2,-1.1,0.9
19.05.2020 15:45,0.8,-1.8,1
19.05.2020 16:00,0.0,-0.3,0.3
19.05.2020 16:15,0.5,-0.6,0.1
19.05.2020 16:30,0.2,-0.6,0.4
19.05.2020 16:45,1.9,-1.9,0
19.05.2020 17:00,0.8,-1.3,0.5
19.05.2020 17:15,0.0,-1.3,1.3
19.05.2020 17:30,0.0,-2.1,2.1
19.05.2020 17:45,0.0,-2.9,2.9
19.05.2020 18:00,0.5,-4.2,3.7
19.05.2020 18:15,1.1,-5.7,4.6
19.05.2020 18:30,0.3,-5.0,4.7
19.05.2020 18:45,0.0,-5.0,5
19.05.2020 19:00,1.8,-5.9,4.1
19.05.2020 19:15,0.6,-5.3,4.7
19.05.2020 19:30,0.5,-5.0,4.5
19.05.2020 19:45,0.0,-5.0,5
19.05.2020 20:00,0.0,-5.0,5
19.05.2020 20:15,0.0,-5.0,5
19.05.2020 20:30,0.0,-5.0,5
19.05.2020 20:45,0.0,-5.0,5
19.05.2020 21:00,0.0,-5.0,5
19.05.2020 21:15,0.0,-5.0,5
19.05.2020 21:30,0.0,-5.0,5
19.05.2020 21:45,0.0,-5.0,5
19.05.2020 22:00,0.0,-5.0,5
19.05.2020 22:15,0.0,-5.0,5
19.05.2020 22:30,0.0,-4.9,4.9
19.05.2020 22:45,0.2,-4.2,4
19.05.2020 23:00,0.0,-3.2,3.2
19.05.2020 23:15,0.0,-2.4,2.4
19.05.2020 23:30,0.0,-1.6,1.6
19.05.2020 23:45,0.3,-1.1,0.8
20.05.2020 00:00,0.0,-1.7,1.7
20.05.2020 00:15,0.0,-0.9,0.9
20.05.2020 00:30,0.3,-0.7,0.4
20.05.2020 00:45,0.2,-0.9,0.7
20.05.2020 01:00,0.1,-1.5,1.4
20.05.2020 01:15,0.2,-2.3,2.1
20.05.2020 01:30,0.7,-3.5,2.8
20.05.2020 01:45,0.1,-2.5,2.4
20.05.2020 02:00,0.2,-2.7,2.5
20.05.2020 02:15,0.9,-2.8,1.9
20.05.2020 02:30,0.5,-1.9,1.4
20.05.2020 02:45,0.5,-1.1,0.6
20.05.2020 03:00,0.3,-1.1,0.8
20.05.2020 03:15,0.2,-1.2,1
20.05.2020 03:30,0.3,-1.6,1.3
20.05.2020 03:45,0.3,-2.0,1.7
20.05.2020 04:00,0.6,-1.8,1.2
20.05.2020 04:15,0.0,-1.9,1.9
20.05.2020 04:30,0.0,-2.7,2.7
20.05.2020 04:45,0.1,-3.5,3.4
20.05.2020 05:00,1.3,-5.6,4.3
20.05.2020 05:15,0.6,-5.6,5
20.05.2020 05:30,0.0,-5.0,5
20.05.2020 05:45,0.2,-5.0,4.8
20.05.2020 06:00,1.4,-6.0,4.6
20.05.2020 06:15,0.7,-5.7,5
20.05.2020 06:30,1.2,-6.2,5
20.05.2020 06:45,0.3,-5.3,5
20.05.2020 07:00,0.0,-5.0,5
20.05.2020 07:15,0.0,-5.0,5
20.05.2020 07:30,0.0,-5.0,5
20.05.2020 07:45,0.0,-5.0,5
20.05.2020 08:00,0.0,-5.0,5
20.05.2020 08:15,0.0,-5.0,5
20.05.2020 08:30,0.0,-5.0,5
20.05.2020 08:45,0.0,-5.0,5
20.05.2020 09:00,0.0,-5.0,5
20.05.2020 09:15,0.0,-5.0,5
20.05.2020 09:30,0.0,-5.0,5
20.05.2020 09:45,0.0,-5.0,5
20.05.2020 10:00,0.3,-5.0,4.7
20.05.2020 10:15,0.0,-5.0,5
20.05.2020 10:30,0.2,-5.2,5
20.05.2020 10:45,0.0,-5.0,5
20.05.2020 11:00,0.0,-5.0,5
20.05.2020 11:15,0.0,-5.0,5
20.05.2020 11:30,0.3,-5.3,5
20.05.2020 11:45,0.2,-5.2,5
20.05.2020 12:00,0.0,-5.0,5
20.05.2020 12:15,0.0,-5.0,5
20.05.2020 12:30,0.0,-5.0,5
20.05.2020 12:45,0.7,-5.4,4.7
20.05.2020 13:00,1.9,-5.8,3.9
20.05.2020 13:15,2.5,-6.7,4.2
20.05.2020 13:30,2.8,-6.5,3.7
20.05.2020 13:45,1.8,-6.0,4.2
20.05.2020 14:00,0.5,-5.5,5
20.05.2020 14:15,0.1,-5.1,5
20.05.2020 14:30,0.1,-5.1,5
20.05.2020 14:45,0.3,-5.3,5
20.05.2020 15:00,0.0,-5.0,5
20.05.2020 15:15,0.3,-5.3,5
20.05.2020 15:30,0.2,-5.2,5
20.05.2020 15:45,0.0,-5.0,5
20.05.2020 16:00,0.5,-5.2,4.7
20.05.2020 16:15,0.0,-5.0,5
20.05.2020 16:30,0.4,-5.2,4.8
20.05.2020 16:45,0.0,-5.0,5
20.05.2020 17:00,2.1,-6.2,4.1
20.05.2020 17:15,1.1,-5.4,4.3
20.05.2020 17:30,1.0,-5.4,4.4
20.05.2020 17:45,1.2,-5.3,4.1
20.05.2020 18:00,1.8,-6.2,4.4
20.05.2020 18:15,1.0,-5.9,4.9
20.05.2020 18:30,0.6,-5.4,4.8
20.05.2020 18:45,0.0,-5.0,5
20.05.2020 19:00,1.0,-5.1,4.1
20.05.2020 19:15,0.9,-5.4,4.5
20.05.2020 19:30,0.0,-5.0,5
20.05.2020 19:45,0.2,-5.2,5
20.05.2020 20:00,0.5,-5.3,4.8
20.05.2020 20:15,0.5,-5.5,5
20.05.2020 20:30,0.5,-5.5,5
20.05.2020 20:45,0.2,-5.2,5
20.05.2020 21:00,0.2,-5.2,5
20.05.2020 21:15,0.3,-5.3,5
20.05.2020 21:30,1.0,-5.7,4.7
20.05.2020 21:45,0.3,-5.3,5
20.05.2020 22:00,0.0,-5.0,5
20.05.2020 22:15,0.0,-5.0,5
20.05.2020 22:30,0.0,-5.0,5
20.05.2020 22:45,0.0,-4.1,4.1
20.05.2020 23:00,0.0,-3.2,3.2
20.05.2020 23:15,0.0,-2.3,2.3
20.05.2020 23:30,0.0,-1.5,1.5
20.05.2020 23:45,1.2,-2.0,0.8
21.05.2020 00:00,1.8,-2.6,0.8
21.05.2020 00:15,2.0,-2.6,0.6
21.05.2020 00:30,1.1,-1.1,0
21.05.2020 00:45,1.1,-1.4,0.3
21.05.2020 01:00,1.1,-1.4,0.3
21.05.2020 01:15,0.3,-1.0,0.7
21.05.2020 01:30,0.1,-0.2,0.1
21.05.2020 01:45,0.3,-0.8,0.5
21.05.2020 02:00,1.1,-1.5,0.4
21.05.2020 02:15,0.3,-0.8,0.5
21.05.2020 02:30,0.3,-1.1,0.8
21.05.2020 02:45,0.7,-1.4,0.7
21.05.2020 03:00,0.2,-1.0,0.8
21.05.2020 03:15,0.3,-1.6,1.3
21.05.2020 03:30,0.0,-1.6,1.6
21.05.2020 03:45,0.0,-0.8,0.8
21.05.2020 04:00,0.6,-1.9,1.3
21.05.2020 04:15,0.9,-2.8,1.9
21.05.2020 04:30,0.7,-2.6,1.9
21.05.2020 04:45,0.0,-2.4,2.4
21.05.2020 05:00,0.1,-1.8,1.7
21.05.2020 05:15,0.0,-0.9,0.9
21.05.2020 05:30,0.0,-0.3,0.3
21.05.2020 05:45,0.0,-0.3,0.3
21.05.2020 06:00,0.9,-0.9,0
21.05.2020 06:15,1.1,-1.1,0
21.05.2020 06:30,0.8,-0.8,0
21.05.2020 06:45,0.2,-0.3,0.1
21.05.2020 07:00,0.5,-1.0,0.5
21.05.2020 07:15,0.9,-1.4,0.5
21.05.2020 07:30,0.2,-0.5,0.3
21.05.2020 07:45,0.0,-0.6,0.6
21.05.2020 08:00,0.5,-1.3,0.8
21.05.2020 08:15,0.7,-1.2,0.5
21.05.2020 08:30,0.5,-0.8,0.3
21.05.2020 08:45,0.0,0.0,0
21.05.2020 09:00,0.8,-1.4,0.6
21.05.2020 09:15,0.0,0.0,0
21.05.2020 09:30,0.0,0.0,0
21.05.2020 09:45,0.0,0.0,0
21.05.2020 10:00,0.7,-1.0,0.3
21.05.2020 10:15,0.3,-0.3,0
21.05.2020 10:30,0.3,-1.0,0.7
21.05.2020 10:45,0.2,-0.6,0.4
21.05.2020 11:00,0.5,-1.6,1.1
21.05.2020 11:15,0.0,-1.7,1.7
21.05.2020 11:30,0.0,-0.9,0.9
21.05.2020 11:45,0.0,-0.5,0.5
21.05.2020 12:00,0.8,-1.3,0.5
21.05.2020 12:15,0.1,-0.1,0
21.05.2020 12:30,0.0,0.0,0
21.05.2020 12:45,0.3,-0.3,0
21.05.2020 13:00,1.3,-1.3,0
21.05.2020 13:15,0.9,-0.9,0
21.05.2020 13:30,0.5,-0.5,0
21.05.2020 13:45,0.5,-0.5,0
21.05.2020 14:00,1.0,-1.0,0
21.05.2020 14:15,0.5,-0.8,0.3
21.05.2020 14:30,0.5,-0.5,0
21.05.2020 14:45,0.5,-0.8,0.3
21.05.2020 15:00,0.2,-0.2,0
21.05.2020 15:15,0.5,-0.8,0.3
21.05.2020 15:30,0.2,-0.2,0
21.05.2020 15:45,0.7,-1.0,0.3
21.05.2020 16:00,0.0,0.0,0
21.05.2020 16:15,0.0,0.0,0
21.05.2020 16:30,0.3,-0.3,0
21.05.2020 16:45,1.1,-1.1,0
21.05.2020 17:00,0.0,0.0,0
21.05.2020 17:15,1.1,-1.1,0
21.05.2020 17:30,0.2,-0.2,0
21.05.2020 17:45,0.5,-1.2,0.7
21.05.2020 18:00,0.0,-1.4,1.4
21.05.2020 18:15,0.4,-2.3,1.9
21.05.2020 18:30,1.1,-3.2,2.1
21.05.2020 18:45,0.9,-3.7,2.8
21.05.2020 19:00,0.9,-3.6,2.7
21.05.2020 19:15,0.1,-3.5,3.4
21.05.2020 19:30,0.0,-4.2,4.2
21.05.2020 19:45,0.0,-5.0,5
21.05.2020 20:00,0.0,-4.9,4.9
21.05.2020 20:15,0.1,-5.0,4.9
21.05.2020 20:30,0.0,-5.0,5
21.05.2020 20:45,0.0,-5.0,5
21.05.2020 21:00,0.0,-4.7,4.7
21.05.2020 21:15,0.2,-5.1,4.9
21.05.2020 21:30,0.1,-5.1,5
21.05.2020 21:45,0.8,-5.4,4.6
21.05.2020 22:00,0.1,-3.9,3.8
21.05.2020 22:15,0.1,-3.4,3.3
21.05.2020 22:30,0.1,-2.7,2.6
21.05.2020 22:45,0.1,-1.9,1.8
21.05.2020 23:00,0.0,-1.0,1
21.05.2020 23:15,0.0,-0.3,0.3
21.05.2020 23:30,0.6,-1.1,0.5
21.05.2020 23:45,0.1,-0.5,0.4
22.05.2020 00:00,0.4,-1.8,1.4
22.05.2020 00:15,0.1,-1.2,1.1
22.05.2020 00:30,0.1,-0.9,0.8
22.05.2020 00:45,0.2,-1.2,1
22.05.2020 01:00,0.2,-0.8,0.6
22.05.2020 01:15,0.2,-0.9,0.7
22.05.2020 01:30,0.3,-0.4,0.1
22.05.2020 01:45,0.3,-0.5,0.2
22.05.2020 02:00,0.0,-0.2,0.2
22.05.2020 02:15,0.8,-0.8,0
22.05.2020 02:30,0.0,-0.5,0.5
22.05.2020 02:45,0.0,-1.1,1.1
22.05.2020 03:00,0.8,-1.6,0.8
22.05.2020 03:15,1.4,-1.4,0
22.05.2020 03:30,0.8,-0.8,0
22.05.2020 03:45,0.9,-0.9,0
22.05.2020 04:00,0.0,0.0,0
22.05.2020 04:15,0.0,0.0,0
22.05.2020 04:30,0.0,0.0,0
22.05.2020 04:45,0.4,-0.8,0.4
22.05.2020 05:00,0.2,-0.7,0.5
22.05.2020 05:15,0.3,-0.3,0
22.05.2020 05:30,0.7,-0.9,0.2
22.05.2020 05:45,0.8,-0.8,0
22.05.2020 06:00,0.0,-0.4,0.4
22.05.2020 06:15,0.4,-0.5,0.1
22.05.2020 06:30,1.3,-1.3,0
22.05.2020 06:45,0.2,-0.2,0
22.05.2020 07:00,0.8,-0.8,0
22.05.2020 07:15,0.5,-0.5,0
22.05.2020 07:30,0.8,-1.0,0.2
22.05.2020 07:45,0.6,-1.0,0.4
22.05.2020 08:00,0.1,-1.3,1.2
22.05.2020 08:15,0.3,-0.7,0.4
22.05.2020 08:30,0.2,-0.5,0.3
22.05.2020 08:45,0.2,-0.2,0
22.05.2020 09:00,0.7,-0.7,0
22.05.2020 09:15,0.2,-1.0,0.8
22.05.2020 09:30,1.2,-1.7,0.5
22.05.2020 09:45,0.0,-1.3,1.3
22.05.2020 10:00,0.0,-1.8,1.8
22.05.2020 10:15,0.0,-1.8,1.8
22.05.2020 10:30,0.0,-2.6,2.6
22.05.2020 10:45,0.2,-3.6,3.4
22.05.2020 11:00,0.2,-3.4,3.2
22.05.2020 11:15,0.0,-2.9,2.9
22.05.2020 11:30,0.0,-3.5,3.5
22.05.2020 11:45,0.2,-3.0,2.8
22.05.2020 12:00,0.2,-2.2,2
22.05.2020 12:15,0.8,-2.0,1.2
22.05.2020 12:30,1.1,-1.4,0.3
22.05.2020 12:45,0.5,-0.5,0
22.05.2020 13:00,0.3,-0.3,0
22.05.2020 13:15,0.0,0.0,0
22.05.2020 13:30,0.0,0.0,0
22.05.2020 13:45,0.0,0.0,0
22.05.2020 14:00,0.9,-1.2,0.3
22.05.2020 14:15,0.3,-0.3,0
22.05.2020 14:30,0.3,-0.3,0
22.05.2020 14:45,0.8,-0.8,0
22.05.2020 15:00,0.7,-0.7,0
22.05.2020 15:15,0.4,-0.4,0
22.05.2020 15:30,0.9,-1.0,0.1
22.05.2020 15:45,0.4,-0.4,0
22.05.2020 16:00,0.5,-1.4,0.9
22.05.2020 16:15,0.9,-2.4,1.5
22.05.2020 16:30,1.3,-2.1,0.8
22.05.2020 16:45,2.2,-2.2,0
22.05.2020 17:00,0.3,-0.4,0.1
22.05.2020 17:15,0.3,-1.3,1
22.05.2020 17:30,0.3,-2.1,1.8
22.05.2020 17:45,0.3,-2.9,2.6
22.05.2020 18:00,0.7,-3.9,3.2
22.05.2020 18:15,1.1,-4.0,2.9
22.05.2020 18:30,0.6,-2.7,2.1
22.05.2020 18:45,0.5,-1.8,1.3
22.05.2020 19:00,0.5,-1.0,0.5
22.05.2020 19:15,0.7,-0.7,0
22.05.2020 19:30,0.8,-1.5,0.7
22.05.2020 19:45,0.9,-2.2,1.3
22.05.2020 20:00,1.1,-1.9,0.8
22.05.2020 20:15,0.8,-0.9,0.1
22.05.2020 20:30,0.8,-1.7,0.9
22.05.2020 20:45,0.6,-2.3,1.7
22.05.2020 21:00,0.0,-2.6,2.6
22.05.2020 21:15,0.0,-3.3,3.3
22.05.2020 21:30,0.0,-2.5,2.5
22.05.2020 21:45,0.0,-2.7,2.7
22.05.2020 22:00,0.0,-3.5,3.5
22.05.2020 22:15,0.3,-3.7,3.4
22.05.2020 22:30,0.3,-4.6,4.3
22.05.2020 22:45,0.0,-4.1,4.1
22.05.2020 23:00,0.0,-3.3,3.3
22.05.2020 23:15,0.0,-2.5,2.5
22.05.2020 23:30,0.5,-2.2,1.7
22.05.2020 23:45,0.0,-0.8,0.8
23.05.2020 00:00,0.9,-2.7,1.8
23.05.2020 00:15,0.1,-2.0,1.9
23.05.2020 00:30,0.4,-2.0,1.6
23.05.2020 00:45,0.0,-2.5,2.5
23.05.2020 01:00,0.2,-3.5,3.3
23.05.2020 01:15,0.5,-3.0,2.5
23.05.2020 01:30,0.4,-2.0,1.6
23.05.2020 01:45,0.5,-1.2,0.7
23.05.2020 02:00,0.3,-0.3,0
23.05.2020 02:15,0.9,-1.3,0.4
23.05.2020 02:30,2.4,-2.4,0
23.05.2020 02:45,1.1,-1.2,0.1
23.05.2020 03:00,0.3,-1.3,1
23.05.2020 03:15,0.9,-1.7,0.8
23.05.2020 03:30,1.4,-1.4,0
23.05.2020 03:45,0.8,-0.8,0
23.05.2020 04:00,0.0,-0.3,0.3
23.05.2020 04:15,0.1,-0.5,0.4
23.05.2020 04:30,0.3,-0.9,0.6
23.05.2020 04:45,0.0,-0.6,0.6
23.05.2020 05:00,0.0,-0.6,0.6
23.05.2020 05:15,0.3,-0.3,0
23.05.2020 05:30,0.0,0.0,0
23.05.2020 05:45,0.0,-0.5,0.5
23.05.2020 06:00,0.0,0.0,0
23.05.2020 06:15,0.0,0.0,0
23.05.2020 06:30,0.0,0.0,0
23.05.2020 06:45,0.3,-0.6,0.3
23.05.2020 07:00,0.3,-0.9,0.6
23.05.2020 07:15,0.7,-0.9,0.2
23.05.2020 07:30,0.3,-0.3,0
23.05.2020 07:45,0.3,-0.8,0.5
23.05.2020 08:00,0.3,-1.3,1
23.05.2020 08:15,0.3,-1.1,0.8
23.05.2020 08:30,0.3,-1.6,1.3
23.05.2020 08:45,0.6,-1.3,0.7
23.05.2020 09:00,1.2,-1.2,0
23.05.2020 09:15,1.1,-1.1,0
23.05.2020 09:30,1.4,-1.4,0
23.05.2020 09:45,1.1,-1.1,0
23.05.2020 10:00,0.0,-0.3,0.3
23.05.2020 10:15,0.0,-0.1,0.1
23.05.2020 10:30,0.0,-0.2,0.2
23.05.2020 10:45,0.0,-0.3,0.3
23.05.2020 11:00,0.1,-1.3,1.2
23.05.2020 11:15,0.0,-0.8,0.8
23.05.2020 11:30,0.7,-1.0,0.3
23.05.2020 11:45,1.3,-1.6,0.3
23.05.2020 12:00,0.3,-1.5,1.2
23.05.2020 12:15,0.6,-1.7,1.1
23.05.2020 12:30,1.1,-1.4,0.3
23.05.2020 12:45,1.6,-2.2,0.6
23.05.2020 13:00,1.1,-1.1,0
23.05.2020 13:15,0.3,-0.3,0
23.05.2020 13:30,0.0,0.0,0
23.05.2020 13:45,0.0,0.0,0
23.05.2020 14:00,0.1,-0.1,0
23.05.2020 14:15,0.0,-0.8,0.8
23.05.2020 14:30,0.3,-1.1,0.8
23.05.2020 14:45,0.8,-1.6,0.8
23.05.2020 15:00,1.2,-1.3,0.1
23.05.2020 15:15,0.7,-0.7,0
23.05.2020 15:30,0.7,-0.7,0
23.05.2020 15:45,0.7,-1.3,0.6
23.05.2020 16:00,0.0,-0.3,0.3
23.05.2020 16:15,0.0,0.0,0
23.05.2020 16:30,0.0,-0.3,0.3
23.05.2020 16:45,0.0,0.0,0
23.05.2020 17:00,0.3,-0.3,0
23.05.2020 17:15,1.5,-1.5,0
23.05.2020 17:30,0.3,-0.3,0
23.05.2020 17:45,0.3,-0.5,0.2
23.05.2020 18:00,0.9,-1.6,0.7
23.05.2020 18:15,0.5,-2.0,1.5
23.05.2020 18:30,0.6,-1.6,1
23.05.2020 18:45,1.2,-1.7,0.5
23.05.2020 19:00,1.3,-1.5,0.2
23.05.2020 19:15,1.7,-1.7,0
23.05.2020 19:30,0.8,-1.0,0.2
23.05.2020 19:45,0.8,-1.3,0.5
23.05.2020 20:00,0.0,0.0,0
23.05.2020 20:15,0.0,0.0,0
23.05.2020 20:30,1.0,-1.3,0.3
23.05.2020 20:45,0.0,0.0,0
23.05.2020 21:00,0.3,-0.3,0
23.05.2020 21:15,0.3,-0.3,0
23.05.2020 21:30,0.0,0.0,0
23.05.2020 21:45,0.0,-0.2,0.2
23.05.2020 22:00,0.9,-1.4,0.5
23.05.2020 22:15,0.0,0.0,0
23.05.2020 22:30,0.0,0.0,0
23.05.2020 22:45,0.0,0.0,0
23.05.2020 23:00,0.0,-0.6,0.6
23.05.2020 23:15,0.0,-0.3,0.3
23.05.2020 23:30,0.0,-0.1,0.1
23.05.2020 23:45,0.0,0.0,0
24.05.2020 00:00,0.8,-1.1,0.3
24.05.2020 00:15,0.3,-0.3,0
24.05.2020 00:30,0.0,-0.3,0.3
24.05.2020 00:45,0.0,0.0,0
24.05.2020 01:00,0.0,-0.5,0.5
24.05.2020 01:15,0.3,-0.3,0
24.05.2020 01:30,0.4,-0.5,0.1
24.05.2020 01:45,0.3,-0.3,0
24.05.2020 02:00,0.0,0.0,0
24.05.2020 02:15,0.2,-0.3,0.1
24.05.2020 02:30,0.0,0.0,0
24.05.2020 02:45,0.0,-0.5,0.5
24.05.2020 03:00,0.5,-0.5,0
24.05.2020 03:15,0.6,-0.8,0.2
24.05.2020 03:30,0.2,-0.4,0.2
24.05.2020 03:45,0.1,-0.1,0
24.05.2020 04:00,0.0,-0.6,0.6
24.05.2020 04:15,0.2,-0.3,0.1
24.05.2020 04:30,0.4,-0.6,0.2
24.05.2020 04:45,0.0,-0.5,0.5
24.05.2020 05:00,0.0,-0.3,0.3
24.05.2020 05:15,0.1,-0.1,0
24.05.2020 05:30,0.0,-0.3,0.3
24.05.2020 05:45,0.0,0.0,0
24.05.2020 06:00,0.0,0.0,0
24.05.2020 06:15,0.3,-0.6,0.3
24.05.2020 06:30,0.3,-0.6,0.3
24.05.2020 06:45,0.2,-0.2,0
24.05.2020 07:00,0.0,0.0,0
24.05.2020 07:15,0.3,-0.3,0
24.05.2020 07:30,0.0,0.0,0
24.05.2020 07:45,0.0,0.0,0
24.05.2020 08:00,0.1,-0.4,0.3
24.05.2020 08:15,0.3,-0.3,0
24.05.2020 08:30,0.0,0.0,0
24.05.2020 08:45,0.0,0.0,0
24.05.2020 09:00,1.4,-1.4,0
24.05.2020 09:15,0.0,0.0,0
24.05.2020 09:30,0.0,0.0,0
24.05.2020 09:45,0.0,0.0,0
24.05.2020 10:00,0.8,-0.8,0
24.05.2020 10:15,0.0,0.0,0
24.05.2020 10:30,0.0,0.0,0
24.05.2020 10:45,0.0,0.0,0
24.05.2020 11:00,0.0,0.0,0
24.05.2020 11:15,0.0,0.0,0
24.05.2020 11:30,0.0,0.0,0
24.05.2020 11:45,0.0,0.0,0
24.05.2020 12:00,0.6,-0.6,0
24.05.2020 12:15,0.0,0.0,0
24.05.2020 12:30,0.0,0.0,0
24.05.2020 12:45,0.0,0.0,0
24.05.2020 13:00,0.0,0.0,0
24.05.2020 13:15,0.0,0.0,0
24.05.2020 13:30,0.0,0.0,0
24.05.2020 13:45,0.0,0.0,0
24.05.2020 14:00,0.0,0.0,0
24.05.2020 14:15,0.0,0.0,0
24.05.2020 14:30,0.0,0.0,0
24.05.2020 14:45,0.0,0.0,0
24.05.2020 15:00,0.0,0.0,0
24.05.2020 15:15,0.0,0.0,0
24.05.2020 15:30,0.0,0.0,0
24.05.2020 15:45,0.0,0.0,0
24.05.2020 16:00,0.0,-0.3,0.3
24.05.2020 16:15,0.0,0.0,0
24.05.2020 16:30,0.0,0.0,0
24.05.2020 16:45,0.9,-0.9,0
24.05.2020 17:00,0.0,0.0,0
24.05.2020 17:15,0.0,-0.3,0.3
24.05.2020 17:30,0.9,-1.0,0.1
24.05.2020 17:45,3.8,-4.2,0.4
24.05.2020 18:00,0.0,0.0,0
24.05.2020 18:15,0.0,-0.8,0.8
24.05.2020 18:30,1.9,-3.3,1.4
24.05.2020 18:45,0.4,-2.6,2.2
24.05.2020 19:00,1.1,-3.8,2.7
24.05.2020 19:15,0.9,-3.3,2.4
24.05.2020 19:30,0.7,-2.3,1.6
24.05.2020 19:45,0.7,-1.9,1.2
24.05.2020 20:00,0.3,-0.8,0.5
24.05.2020 20:15,0.5,-1.6,1.1
24.05.2020 20:30,2.0,-2.5,0.5
24.05.2020 20:45,1.6,-1.6,0
24.05.2020 21:00,0.1,-0.6,0.5
24.05.2020 21:15,1.1,-1.3,0.2
24.05.2020 21:30,1.0,-1.1,0.1
24.05.2020 21:45,1.3,-1.3,0
24.05.2020 22:00,1.4,-2.0,0.6
24.05.2020 22:15,1.2,-1.8,0.6
24.05.2020 22:30,0.8,-0.9,0.1
24.05.2020 22:45,0.4,-0.4,0
24.05.2020 23:00,0.3,-1.0,0.7
24.05.2020 23:15,1.9,-2.1,0.2
24.05.2020 23:30,0.9,-0.9,0
24.05.2020 23:45,0.2,-0.2,0
25.05.2020 00:00,0.5,-0.5,0
25.05.2020 00:15,0.3,-0.3,0
25.05.2020 00:30,0.6,-0.6,0
25.05.2020 00:45,0.6,-0.6,0
25.05.2020 01:00,1.6,-1.6,0
25.05.2020 01:15,0.6,-0.6,0
25.05.2020 01:30,0.4,-0.7,0.3
25.05.2020 01:45,1.3,-1.3,0
25.05.2020 02:00,1.1,-1.4,0.3
25.05.2020 02:15,1.3,-1.3,0
25.05.2020 02:30,0.8,-0.9,0.1
25.05.2020 02:45,0.8,-0.8,0
25.05.2020 03:00,0.6,-0.8,0.2
25.05.2020 03:15,0.0,-0.3,0.3
25.05.2020 03:30,0.0,-0.1,0.1
25.05.2020 03:45,0.0,-0.5,0.5
25.05.2020 04:00,0.7,-1.0,0.3
25.05.2020 04:15,1.3,-1.6,0.3
25.05.2020 04:30,1.8,-1.8,0
25.05.2020 04:45,1.6,-1.6,0
25.05.2020 05:00,0.0,-0.5,0.5
25.05.2020 05:15,0.0,0.0,0
25.05.2020 05:30,0.3,-0.3,0
25.05.2020 05:45,0.0,0.0,0
25.05.2020 06:00,1.1,-1.7,0.6
25.05.2020 06:15,1.9,-1.9,0
25.05.2020 06:30,1.1,-1.4,0.3
25.05.2020 06:45,1.6,-1.6,0
25.05.2020 07:00,0.6,-1.2,0.6
25.05.2020 07:15,0.3,-1.4,1.1
25.05.2020 07:30,1.1,-3.0,1.9
25.05.2020 07:45,0.5,-3.3,2.8
25.05.2020 08:00,0.0,-3.6,3.6
25.05.2020 08:15,0.1,-4.5,4.4
25.05.2020 08:30,0.6,-5.6,5
25.05.2020 08:45,0.2,-4.9,4.7
25.05.2020 09:00,0.9,-4.7,3.8
25.05.2020 09:15,0.2,-3.2,3
25.05.2020 09:30,0.5,-2.6,2.1
25.05.2020 09:45,0.6,-2.1,1.5
25.05.2020 10:00,0.0,-2.3,2.3
25.05.2020 10:15,0.3,-1.8,1.5
25.05.2020 10:30,1.1,-1.8,0.7
25.05.2020 10:45,1.2,-1.2,0
25.05.2020 11:00,1.5,-2.1,0.6
25.05.2020 11:15,1.6,-2.3,0.7
25.05.2020 11:30,0.5,-1.5,1
25.05.2020 11:45,0.3,-2.1,1.8
25.05.2020 12:00,0.3,-2.3,2
25.05.2020 12:15,0.0,-2.7,2.7
25.05.2020 12:30,0.0,-3.4,3.4
25.05.2020 12:45,0.0,-2.6,2.6
25.05.2020 13:00,0.0,-3.3,3.3
25.05.2020 13:15,0.0,-2.6,2.6
25.05.2020 13:30,0.0,-3.0,3
25.05.2020 13:45,0.1,-4.0,3.9
25.05.2020 14:00,0.1,-3.2,3.1
25.05.2020 14:15,0.3,-2.6,2.3
25.05.2020 14:30,0.3,-3.2,2.9
25.05.2020 14:45,0.1,-2.8,2.7
25.05.2020 15:00,0.5,-3.5,3
25.05.2020 15:15,0.2,-2.7,2.5
25.05.2020 15:30,0.0,-1.7,1.7
25.05.2020 15:45,0.5,-1.5,1
25.05.2020 16:00,0.5,-1.5,1
25.05.2020 16:15,0.7,-1.6,0.9
25.05.2020 16:30,1.2,-2.9,1.7
25.05.2020 16:45,0.9,-3.0,2.1
25.05.2020 17:00,2.5,-3.7,1.2
25.05.2020 17:15,2.5,-3.0,0.5
25.05.2020 17:30,2.4,-2.9,0.5
25.05.2020 17:45,1.9,-2.8,0.9
25.05.2020 18:00,0.8,-2.4,1.6
25.05.2020 18:15,0.2,-2.5,2.3
25.05.2020 18:30,0.2,-3.3,3.1
25.05.2020 18:45,0.3,-4.2,3.9
25.05.2020 19:00,1.3,-5.9,4.6
25.05.2020 19:15,1.0,-6.0,5
25.05.2020 19:30,0.1,-5.1,5
25.05.2020 19:45,0.1,-5.1,5
25.05.2020 20:00,1.3,-5.9,4.6
25.05.2020 20:15,1.7,-6.5,4.8
25.05.2020 20:30,0.8,-5.6,4.8
25.05.2020 20:45,1.0,-5.4,4.4
25.05.2020 21:00,0.3,-5.3,5
25.05.2020 21:15,1.6,-6.2,4.6
25.05.2020 21:30,0.4,-4.9,4.5
25.05.2020 21:45,1.0,-5.5,4.5
25.05.2020 22:00,0.2,-4.3,4.1
25.05.2020 22:15,0.0,-4.1,4.1
25.05.2020 22:30,0.0,-3.7,3.7
25.05.2020 22:45,0.0,-3.4,3.4
25.05.2020 23:00,0.0,-2.7,2.7
25.05.2020 23:15,0.0,-1.9,1.9
25.05.2020 23:30,0.0,-1.1,1.1
25.05.2020 23:45,0.5,-0.8,0.3
26.05.2020 00:00,0.7,-2.0,1.3
26.05.2020 00:15,0.3,-1.1,0.8
26.05.2020 00:30,0.4,-1.8,1.4
26.05.2020 00:45,0.3,-1.5,1.2
26.05.2020 01:00,0.8,-1.8,1
26.05.2020 01:15,0.3,-1.1,0.8
26.05.2020 01:30,0.6,-1.1,0.5
26.05.2020 01:45,0.3,-0.7,0.4
26.05.2020 02:00,0.9,-1.4,0.5
26.05.2020 02:15,0.0,0.0,0
26.05.2020 02:30,1.5,-1.5,0
26.05.2020 02:45,0.4,-1.2,0.8
26.05.2020 03:00,0.5,-1.1,0.6
26.05.2020 03:15,0.5,-1.4,0.9
26.05.2020 03:30,0.5,-1.1,0.6
26.05.2020 03:45,0.8,-1.3,0.5
26.05.2020 04:00,0.5,-0.6,0.1
26.05.2020 04:15,0.0,-0.7,0.7
26.05.2020 04:30,0.1,-1.4,1.3
26.05.2020 04:45,0.1,-0.9,0.8
26.05.2020 05:00,0.0,-0.8,0.8
26.05.2020 05:15,0.3,-0.9,0.6
26.05.2020 05:30,0.1,-1.6,1.5
26.05.2020 05:45,0.2,-2.5,2.3
26.05.2020 06:00,0.9,-3.7,2.8
26.05.2020 06:15,0.6,-4.2,3.6
26.05.2020 06:30,0.0,-4.5,4.5
26.05.2020 06:45,0.0,-5.0,5
26.05.2020 07:00,0.0,-5.0,5
26.05.2020 07:15,0.0,-5.0,5
26.05.2020 07:30,0.0,-5.0,5
26.05.2020 07:45,0.0,-5.0,5
26.05.2020 08:00,0.0,-5.0,5
26.05.2020 08:15,0.0,-5.0,5
26.05.2020 08:30,0.5,-5.5,5
26.05.2020 08:45,1.5,-6.3,4.8
26.05.2020 09:00,0.0,-5.0,5
26.05.2020 09:15,0.4,-5.4,5
26.05.2020 09:30,0.3,-5.3,5
26.05.2020 09:45,0.8,-5.8,5
26.05.2020 10:00,0.0,-5.0,5
26.05.2020 10:15,0.2,-5.2,5
26.05.2020 10:30,0.0,-5.0,5
26.05.2020 10:45,0.2,-5.0,4.8
26.05.2020 11:00,0.9,-5.0,4.1
26.05.2020 11:15,0.9,-4.9,4
26.05.2020 11:30,0.1,-4.7,4.6
26.05.2020 11:45,0.4,-5.3,4.9
26.05.2020 12:00,0.0,-4.5,4.5
26.05.2020 12:15,0.0,-4.9,4.9
26.05.2020 12:30,0.0,-5.0,5
26.05.2020 12:45,0.0,-4.4,4.4
26.05.2020 13:00,0.6,-5.1,4.5
26.05.2020 13:15,0.2,-5.2,5
26.05.2020 13:30,0.0,-5.0,5
26.05.2020 13:45,0.0,-5.0,5
26.05.2020 14:00,0.6,-5.6,5
26.05.2020 14:15,1.2,-5.3,4.1
26.05.2020 14:30,1.2,-4.8,3.6
26.05.2020 14:45,0.2,-4.7,4.5
26.05.2020 15:00,0.0,-4.5,4.5
26.05.2020 15:15,0.0,-4.8,4.8
26.05.2020 15:30,0.0,-4.5,4.5
26.05.2020 15:45,0.5,-4.1,3.6
26.05.2020 16:00,1.1,-3.9,2.8
26.05.2020 16:15,0.2,-3.7,3.5
26.05.2020 16:30,0.8,-4.6,3.8
26.05.2020 16:45,1.5,-4.8,3.3
26.05.2020 17:00,1.4,-4.5,3.1
26.05.2020 17:15,1.1,-4.9,3.8
26.05.2020 17:30,0.9,-5.4,4.5
26.05.2020 17:45,0.0,-5.0,5
26.05.2020 18:00,0.4,-5.2,4.8
26.05.2020 18:15,0.9,-5.6,4.7
26.05.2020 18:30,0.4,-5.4,5
26.05.2020 18:45,0.3,-5.2,4.9
26.05.2020 19:00,1.3,-5.4,4.1
26.05.2020 19:15,1.3,-5.5,4.2
26.05.2020 19:30,1.3,-6.0,4.7
26.05.2020 19:45,0.6,-5.6,5
26.05.2020 20:00,0.9,-5.3,4.4
26.05.2020 20:15,0.0,-5.0,5
26.05.2020 20:30,0.4,-5.4,5
26.05.2020 20:45,0.4,-5.4,5
26.05.2020 21:00,0.0,-5.0,5
26.05.2020 21:15,0.5,-5.5,5
26.05.2020 21:30,1.9,-6.9,5
26.05.2020 21:45,0.1,-4.9,4.8
26.05.2020 22:00,0.0,-5.0,5
26.05.2020 22:15,0.1,-4.9,4.8
26.05.2020 22:30,0.0,-4.5,4.5
26.05.2020 22:45,0.0,-3.6,3.6
26.05.2020 23:00,0.0,-2.8,2.8
26.05.2020 23:15,0.0,-1.9,1.9
26.05.2020 23:30,0.1,-1.2,1.1
26.05.2020 23:45,1.5,-1.7,0.2
27.05.2020 00:00,4.0,-5.2,1.2
27.05.2020 00:15,3.0,-5.2,2.2
27.05.2020 00:30,1.3,-4.3,3
27.05.2020 00:45,2.2,-4.5,2.3
27.05.2020 01:00,0.4,-2.1,1.7
27.05.2020 01:15,0.4,-1.6,1.2
27.05.2020 01:30,0.6,-1.1,0.5
27.05.2020 01:45,0.3,-0.4,0.1
27.05.2020 02:00,1.1,-1.4,0.3
27.05.2020 02:15,0.6,-0.6,0
27.05.2020 02:30,0.1,-0.9,0.8
27.05.2020 02:45,0.7,-2.1,1.4
27.05.2020 03:00,1.7,-2.3,0.6
27.05.2020 03:15,0.8,-2.0,1.2
27.05.2020 03:30,0.6,-1.3,0.7
27.05.2020 03:45,0.4,-1.7,1.3
27.05.2020 04:00,0.7,-2.2,1.5
27.05.2020 04:15,1.3,-3.0,1.7
27.05.2020 04:30,0.9,-2.6,1.7
27.05.2020 04:45,0.0,-1.3,1.3
27.05.2020 05:00,0.1,-0.9,0.8
27.05.2020 05:15,0.6,-1.4,0.8
27.05.2020 05:30,0.1,-1.6,1.5
27.05.2020 05:45,0.1,-2.3,2.2
27.05.2020 06:00,1.0,-4.0,3
27.05.2020 06:15,0.3,-4.2,3.9
27.05.2020 06:30,0.0,-4.8,4.8
27.05.2020 06:45,0.0,-5.0,5
27.05.2020 07:00,0.8,-5.2,4.4
27.05.2020 07:15,2.4,-5.9,3.5
27.05.2020 07:30,2.4,-6.3,3.9
27.05.2020 07:45,1.9,-5.5,3.6
27.05.2020 08:00,1.7,-5.6,3.9
27.05.2020 08:15,1.7,-5.6,3.9
27.05.2020 08:30,1.1,-4.3,3.2
27.05.2020 08:45,2.4,-5.7,3.3
27.05.2020 09:00,0.0,-2.6,2.6
27.05.2020 09:15,0.0,-1.8,1.8
27.05.2020 09:30,0.8,-2.2,1.4
27.05.2020 09:45,1.2,-2.3,1.1
27.05.2020 10:00,1.0,-1.5,0.5
27.05.2020 10:15,2.2,-2.2,0
27.05.2020 10:30,1.8,-2.4,0.6
27.05.2020 10:45,0.3,-1.5,1.2
27.05.2020 11:00,0.4,-2.5,2.1
27.05.2020 11:15,0.2,-3.1,2.9
27.05.2020 11:30,0.2,-4.0,3.8
27.05.2020 11:45,0.2,-4.8,4.6
27.05.2020 12:00,0.0,-3.7,3.7
27.05.2020 12:15,0.0,-2.9,2.9
27.05.2020 12:30,0.0,-2.1,2.1
27.05.2020 12:45,0.0,-1.3,1.3
27.05.2020 13:00,0.6,-1.3,0.7
27.05.2020 13:15,0.4,-0.4,0
27.05.2020 13:30,0.1,-0.6,0.5
27.05.2020 13:45,0.0,0.0,0
27.05.2020 14:00,0.0,-0.7,0.7
27.05.2020 14:15,0.0,0.0,0
27.05.2020 14:30,0.0,0.0,0
27.05.2020 14:45,0.8,-0.8,0
27.05.2020 15:00,0.3,-0.3,0
27.05.2020 15:15,1.2,-1.2,0
27.05.2020 15:30,0.6,-1.1,0.5
27.05.2020 15:45,0.6,-0.6,0
27.05.2020 16:00,0.5,-0.5,0
27.05.2020 16:15,0.2,-0.2,0
27.05.2020 16:30,0.4,-1.0,0.6
27.05.2020 16:45,0.5,-1.2,0.7
27.05.2020 17:00,0.3,-0.3,0
27.05.2020 17:15,0.3,-0.3,0
27.05.2020 17:30,0.3,-1.1,0.8
27.05.2020 17:45,1.0,-2.1,1.1
27.05.2020 18:00,1.9,-2.1,0.2
27.05.2020 18:15,1.9,-2.2,0.3
27.05.2020 18:30,0.9,-2.1,1.2
27.05.2020 18:45,1.5,-3.3,1.8
27.05.2020 19:00,0.9,-3.1,2.2
27.05.2020 19:15,0.8,-3.2,2.4
27.05.2020 19:30,0.2,-3.5,3.3
27.05.2020 19:45,0.5,-4.5,4
27.05.2020 20:00,0.1,-4.8,4.7
27.05.2020 20:15,0.2,-5.2,5
27.05.2020 20:30,0.0,-5.0,5
27.05.2020 20:45,0.0,-5.0,5
27.05.2020 21:00,0.0,-5.0,5
27.05.2020 21:15,0.2,-5.2,5
27.05.2020 21:30,0.7,-5.0,4.3
27.05.2020 21:45,1.5,-5.5,4
27.05.2020 22:00,0.6,-4.7,4.1
27.05.2020 22:15,0.6,-4.4,3.8
27.05.2020 22:30,0.0,-3.2,3.2
27.05.2020 22:45,0.3,-2.7,2.4
27.05.2020 23:00,0.5,-3.5,3
27.05.2020 23:15,0.2,-2.4,2.2
27.05.2020 23:30,0.4,-2.1,1.7
27.05.2020 23:45,0.0,-0.9,0.9
28.05.2020 00:00,0.6,-1.5,0.9
28.05.2020 00:15,0.0,-0.6,0.6
28.05.2020 00:30,0.3,-0.4,0.1
28.05.2020 00:45,0.3,-0.3,0
28.05.2020 01:00,0.6,-1.5,0.9
28.05.2020 01:15,0.2,-1.2,1
28.05.2020 01:30,0.2,-0.9,0.7
28.05.2020 01:45,0.0,0.0,0
28.05.2020 02:00,1.1,-1.1,0
28.05.2020 02:15,0.5,-0.5,0
28.05.2020 02:30,0.0,0.0,0
28.05.2020 02:45,0.0,0.0,0
28.05.2020 03:00,0.0,-0.3,0.3
28.05.2020 03:15,0.0,-0.5,0.5
28.05.2020 03:30,0.3,-0.3,0
28.05.2020 03:45,0.3,-0.4,0.1
28.05.2020 04:00,0.0,0.0,0
28.05.2020 04:15,0.5,-0.8,0.3
28.05.2020 04:30,0.6,-0.6,0
28.05.2020 04:45,0.8,-0.8,0
28.05.2020 05:00,0.3,-0.5,0.2
28.05.2020 05:15,0.2,-1.1,0.9
28.05.2020 05:30,0.9,-2.4,1.5
28.05.2020 05:45,0.4,-1.7,1.3
28.05.2020 06:00,0.7,-2.6,1.9
28.05.2020 06:15,0.0,-2.8,2.8
28.05.2020 06:30,0.1,-3.6,3.5
28.05.2020 06:45,0.0,-4.3,4.3
28.05.2020 07:00,0.0,-5.0,5
28.05.2020 07:15,0.2,-5.2,5
28.05.2020 07:30,0.0,-5.0,5
28.05.2020 07:45,0.0,-5.0,5
28.05.2020 08:00,0.6,-5.0,4.4
28.05.2020 08:15,1.4,-4.9,3.5
28.05.2020 08:30,1.4,-4.2,2.8
28.05.2020 08:45,1.6,-3.8,2.2
28.05.2020 09:00,3.2,-5.9,2.7
28.05.2020 09:15,1.7,-4.4,2.7
28.05.2020 09:30,0.0,-3.5,3.5
28.05.2020 09:45,0.0,-4.4,4.4
28.05.2020 10:00,0.4,-5.0,4.6
28.05.2020 10:15,0.6,-5.1,4.5
28.05.2020 10:30,0.5,-5.1,4.6
28.05.2020 10:45,0.4,-4.2,3.8
28.05.2020 11:00,0.3,-3.3,3
28.05.2020 11:15,0.3,-2.5,2.2
28.05.2020 11:30,0.4,-1.8,1.4
28.05.2020 11:45,0.6,-2.0,1.4
28.05.2020 12:00,0.0,-2.3,2.3
28.05.2020 12:15,0.3,-3.0,2.7
28.05.2020 12:30,0.0,-3.5,3.5
28.05.2020 12:45,0.6,-4.2,3.6
28.05.2020 13:00,0.2,-3.3,3.1
28.05.2020 13:15,0.2,-2.5,2.3
28.05.2020 13:30,0.2,-1.7,1.5
28.05.2020 13:45,0.2,-1.0,0.8
28.05.2020 14:00,0.0,0.0,0
28.05.2020 14:15,0.2,-0.5,0.3
28.05.2020 14:30,0.0,-1.1,1.1
28.05.2020 14:45,0.4,-1.7,1.3
28.05.2020 15:00,0.2,-2.1,1.9
28.05.2020 15:15,1.4,-2.4,1
28.05.2020 15:30,1.3,-1.6,0.3
28.05.2020 15:45,0.6,-1.0,0.4
28.05.2020 16:00,0.3,-0.5,0.2
28.05.2020 16:15,0.3,-0.6,0.3
28.05.2020 16:30,0.3,-0.3,0
28.05.2020 16:45,1.2,-1.2,0
28.05.2020 17:00,0.7,-0.9,0.2
28.05.2020 17:15,1.2,-1.6,0.4
28.05.2020 17:30,1.1,-2.1,1
28.05.2020 17:45,2.6,-3.4,0.8
28.05.2020 18:00,0.5,-2.1,1.6
28.05.2020 18:15,0.0,-2.4,2.4
28.05.2020 18:30,0.0,-3.2,3.2
28.05.2020 18:45,0.0,-4.0,4
28.05.2020 19:00,0.7,-5.3,4.6
28.05.2020 19:15,1.2,-5.3,4.1
28.05.2020 19:30,0.8,-5.0,4.2
28.05.2020 19:45,0.0,-5.0,5
28.05.2020 20:00,0.0,-5.0,5
28.05.2020 20:15,0.3,-5.3,5
28.05.2020 20:30,0.0,-5.0,5
28.05.2020 20:45,0.2,-5.2,5
28.05.2020 21:00,0.0,-5.0,5
28.05.2020 21:15,0.0,-5.0,5
28.05.2020 21:30,0.5,-5.0,4.5
28.05.2020 21:45,0.6,-5.0,4.4
28.05.2020 22:00,0.7,-4.7,4
28.05.2020 22:15,0.3,-4.9,4.6
28.05.2020 22:30,0.8,-5.0,4.2
28.05.2020 22:45,0.7,-4.0,3.3
28.05.2020 23:00,0.7,-3.4,2.7
28.05.2020 23:15,0.6,-2.5,1.9
28.05.2020 23:30,0.6,-1.8,1.2
28.05.2020 23:45,0.7,-1.1,0.4
29.05.2020 00:00,1.1,-1.9,0.8
29.05.2020 00:15,0.8,-1.2,0.4
29.05.2020 00:30,0.0,-0.6,0.6
29.05.2020 00:45,0.3,-0.7,0.4
29.05.2020 01:00,0.7,-1.5,0.8
29.05.2020 01:15,0.1,-0.6,0.5
29.05.2020 01:30,0.2,-0.7,0.5
29.05.2020 01:45,0.5,-0.5,0
29.05.2020 02:00,0.7,-1.0,0.3
29.05.2020 02:15,0.5,-0.5,0
29.05.2020 02:30,0.5,-0.5,0
29.05.2020 02:45,0.3,-0.7,0.4
29.05.2020 03:00,0.2,-0.7,0.5
29.05.2020 03:15,0.6,-1.2,0.6
29.05.2020 03:30,0.3,-0.6,0.3
29.05.2020 03:45,1.1,-1.5,0.4
29.05.2020 04:00,0.0,-0.9,0.9
29.05.2020 04:15,0.3,-0.6,0.3
29.05.2020 04:30,0.8,-0.8,0
29.05.2020 04:45,1.3,-1.3,0
29.05.2020 05:00,0.0,-0.4,0.4
29.05.2020 05:15,0.2,-0.2,0
29.05.2020 05:30,0.0,-0.8,0.8
29.05.2020 05:45,0.2,-1.4,1.2
29.05.2020 06:00,0.4,-2.5,2.1
29.05.2020 06:15,0.1,-3.0,2.9
29.05.2020 06:30,0.1,-3.8,3.7
29.05.2020 06:45,1.2,-4.9,3.7
29.05.2020 07:00,2.1,-5.0,2.9
29.05.2020 07:15,2.5,-5.2,2.7
29.05.2020 07:30,2.5,-6.0,3.5
29.05.2020 07:45,1.4,-5.6,4.2
29.05.2020 08:00,0.0,-5.0,5
29.05.2020 08:15,0.3,-5.3,5
29.05.2020 08:30,0.3,-5.0,4.7
29.05.2020 08:45,1.1,-5.2,4.1
29.05.2020 09:00,1.1,-4.8,3.7
29.05.2020 09:15,1.3,-4.2,2.9
29.05.2020 09:30,2.4,-4.5,2.1
29.05.2020 09:45,2.5,-4.2,1.7
29.05.2020 10:00,0.1,-2.6,2.5
29.05.2020 10:15,0.1,-3.1,3
29.05.2020 10:30,0.8,-3.0,2.2
29.05.2020 10:45,1.6,-2.9,1.3
29.05.2020 11:00,1.7,-2.1,0.4
29.05.2020 11:15,2.1,-2.1,0
29.05.2020 11:30,1.2,-1.2,0
29.05.2020 11:45,0.7,-1.0,0.3
29.05.2020 12:00,0.0,-1.1,1.1
29.05.2020 12:15,0.0,-1.5,1.5
29.05.2020 12:30,0.0,-2.3,2.3
29.05.2020 12:45,0.0,-2.2,2.2
29.05.2020 13:00,0.1,-1.6,1.5
29.05.2020 13:15,0.3,-1.0,0.7
29.05.2020 13:30,0.6,-0.6,0
29.05.2020 13:45,0.2,-0.3,0.1
29.05.2020 14:00,0.5,-0.8,0.3
29.05.2020 14:15,0.2,-0.8,0.6
29.05.2020 14:30,0.0,-1.5,1.5
29.05.2020 14:45,0.0,-0.8,0.8
29.05.2020 15:00,0.8,-0.8,0
29.05.2020 15:15,0.0,0.0,0
29.05.2020 15:30,0.0,0.0,0
29.05.2020 15:45,1.1,-1.1,0
29.05.2020 16:00,0.0,0.0,0
29.05.2020 16:15,0.2,-0.6,0.4
29.05.2020 16:30,1.1,-1.4,0.3
29.05.2020 16:45,1.4,-1.4,0
29.05.2020 17:00,0.1,-0.1,0
29.05.2020 17:15,0.1,-0.1,0
29.05.2020 17:30,0.9,-1.2,0.3
29.05.2020 17:45,1.3,-2.4,1.1
29.05.2020 18:00,0.8,-2.3,1.5
29.05.2020 18:15,0.0,-2.3,2.3
29.05.2020 18:30,0.0,-3.2,3.2
29.05.2020 18:45,0.0,-4.1,4.1
29.05.2020 19:00,0.2,-3.6,3.4
29.05.2020 19:15,0.2,-4.5,4.3
29.05.2020 19:30,0.8,-5.0,4.2
29.05.2020 19:45,0.6,-5.4,4.8
29.05.2020 20:00,0.0,-5.0,5
29.05.2020 20:15,0.8,-5.2,4.4
29.05.2020 20:30,1.3,-6.0,4.7
29.05.2020 20:45,0.0,-5.0,5
29.05.2020 21:00,0.0,-5.0,5
29.05.2020 21:15,0.2,-5.1,4.9
29.05.2020 21:30,0.3,-4.5,4.2
29.05.2020 21:45,2.6,-5.9,3.3
29.05.2020 22:00,0.9,-4.2,3.3
29.05.2020 22:15,0.7,-3.3,2.6
29.05.2020 22:30,0.5,-2.6,2.1
29.05.2020 22:45,1.1,-2.4,1.3
29.05.2020 23:00,1.1,-1.6,0.5
29.05.2020 23:15,0.8,-0.9,0.1
29.05.2020 23:30,0.9,-1.1,0.2
29.05.2020 23:45,0.3,-0.3,0
30.05.2020 00:00,0.0,0.0,0
30.05.2020 00:15,0.0,0.0,0
30.05.2020 00:30,0.0,-0.3,0.3
30.05.2020 00:45,0.3,-0.5,0.2
30.05.2020 01:00,0.0,-0.1,0.1
30.05.2020 01:15,0.0,0.0,0
30.05.2020 01:30,0.0,0.0,0
30.05.2020 01:45,0.3,-0.3,0
30.05.2020 02:00,0.0,0.0,0
30.05.2020 02:15,0.4,-0.5,0.1
30.05.2020 02:30,0.6,-0.9,0.3
30.05.2020 02:45,0.0,0.0,0
30.05.2020 03:00,0.4,-0.5,0.1
30.05.2020 03:15,0.3,-0.5,0.2
30.05.2020 03:30,0.3,-0.4,0.1
30.05.2020 03:45,0.6,-1.1,0.5
30.05.2020 04:00,0.2,-0.4,0.2
30.05.2020 04:15,0.4,-0.5,0.1
30.05.2020 04:30,0.4,-1.0,0.6
30.05.2020 04:45,0.3,-1.0,0.7
30.05.2020 05:00,0.0,-0.2,0.2
30.05.2020 05:15,0.3,-0.3,0
30.05.2020 05:30,0.1,-0.1,0
30.05.2020 05:45,0.0,0.0,0
30.05.2020 06:00,0.3,-0.3,0
30.05.2020 06:15,0.3,-0.3,0
30.05.2020 06:30,0.0,0.0,0
30.05.2020 06:45,0.6,-0.6,0
30.05.2020 07:00,1.1,-2.0,0.9
30.05.2020 07:15,0.4,-0.6,0.2
30.05.2020 07:30,0.2,-0.3,0.1
30.05.2020 07:45,0.4,-0.4,0
30.05.2020 08:00,0.9,-1.8,0.9
30.05.2020 08:15,0.3,-0.7,0.4
30.05.2020 08:30,0.1,-0.7,0.6
30.05.2020 08:45,0.0,0.0,0
30.05.2020 09:00,0.8,-1.1,0.3
30.05.2020 09:15,0.0,0.0,0
30.05.2020 09:30,0.0,0.0,0
30.05.2020 09:45,0.0,0.0,0
30.05.2020 10:00,0.5,-0.5,0
30.05.2020 10:15,0.3,-0.3,0
30.05.2020 10:30,0.0,0.0,0
30.05.2020 10:45,0.0,0.0,0
30.05.2020 11:00,0.0,-0.6,0.6
30.05.2020 11:15,0.2,-0.3,0.1
30.05.2020 11:30,0.0,0.0,0
30.05.2020 11:45,0.3,-0.6,0.3
30.05.2020 12:00,0.8,-1.6,0.8
30.05.2020 12:15,0.4,-1.4,1
30.05.2020 12:30,0.3,-1.6,1.3
30.05.2020 12:45,1.8,-2.6,0.8
30.05.2020 13:00,0.0,0.0,0
30.05.2020 13:15,0.3,-0.6,0.3
30.05.2020 13:30,0.2,-1.0,0.8
30.05.2020 13:45,0.6,-0.9,0.3
30.05.2020 14:00,0.7,-1.1,0.4
30.05.2020 14:15,0.6,-0.6,0
30.05.2020 14:30,0.6,-0.6,0
30.05.2020 14:45,0.7,-1.0,0.3
30.05.2020 15:00,0.3,-0.3,0
30.05.2020 15:15,0.0,0.0,0
30.05.2020 15:30,0.3,-0.3,0
30.05.2020 15:45,0.0,0.0,0
30.05.2020 16:00,0.0,0.0,0
30.05.2020 16:15,0.0,-0.8,0.8
30.05.2020 16:30,0.0,0.0,0
30.05.2020 16:45,0.0,0.0,0
30.05.2020 17:00,0.3,-0.3,0
30.05.2020 17:15,0.6,-0.6,0
30.05.2020 17:30,0.0,-0.3,0.3
30.05.2020 17:45,0.1,-0.3,0.2
30.05.2020 18:00,0.5,-1.3,0.8
30.05.2020 18:15,0.2,-1.0,0.8
30.05.2020 18:30,0.5,-1.6,1.1
30.05.2020 18:45,1.4,-2.2,0.8
30.05.2020 19:00,0.0,-0.6,0.6
30.05.2020 19:15,0.0,0.0,0
30.05.2020 19:30,0.5,-0.8,0.3
30.05.2020 19:45,0.9,-1.8,0.9
30.05.2020 20:00,0.0,-0.9,0.9
30.05.2020 20:15,0.0,-0.7,0.7
30.05.2020 20:30,0.2,-1.6,1.4
30.05.2020 20:45,0.1,-2.3,2.2
30.05.2020 21:00,0.0,-3.0,3
30.05.2020 21:15,0.0,-3.3,3.3
30.05.2020 21:30,0.0,-4.2,4.2
30.05.2020 21:45,0.0,-5.0,5
30.05.2020 22:00,0.0,-4.9,4.9
30.05.2020 22:15,0.0,-4.3,4.3
30.05.2020 22:30,0.0,-4.0,4
30.05.2020 22:45,0.0,-3.4,3.4
30.05.2020 23:00,0.0,-2.6,2.6
30.05.2020 23:15,0.4,-2.2,1.8
30.05.2020 23:30,0.2,-1.2,1
30.05.2020 23:45,0.2,-0.3,0.1
31.05.2020 00:00,0.0,0.0,0
31.05.2020 00:15,0.2,-0.2,0
31.05.2020 00:30,0.0,0.0,0
31.05.2020 00:45,0.0,-0.5,0.5
31.05.2020 01:00,0.0,0.0,0
31.05.2020 01:15,0.0,0.0,0
31.05.2020 01:30,0.0,0.0,0
31.05.2020 01:45,0.0,0.0,0
31.05.2020 02:00,0.0,0.0,0
31.05.2020 02:15,0.0,0.0,0
31.05.2020 02:30,0.0,-0.1,0.1
31.05.2020 02:45,0.0,0.0,0
31.05.2020 03:00,0.0,0.0,0
31.05.2020 03:15,0.5,-0.5,0
31.05.2020 03:30,0.0,0.0,0
31.05.2020 03:45,0.0,0.0,0
31.05.2020 04:00,0.0,0.0,0
31.05.2020 04:15,0.6,-0.6,0
31.05.2020 04:30,0.5,-0.6,0.1
31.05.2020 04:45,0.0,-0.5,0.5
31.05.2020 05:00,0.0,0.0,0
31.05.2020 05:15,0.5,-0.5,0
31.05.2020 05:30,0.5,-0.5,0
31.05.2020 05:45,0.0,0.0,0
31.05.2020 06:00,0.0,0.0,0
31.05.2020 06:15,0.0,-1.0,1
31.05.2020 06:30,0.0,0.0,0
31.05.2020 06:45,0.4,-0.5,0.1
31.05.2020 07:00,0.0,-0.5,0.5
31.05.2020 07:15,0.5,-0.5,0
31.05.2020 07:30,1.1,-1.1,0
31.05.2020 07:45,0.5,-0.6,0.1
31.05.2020 08:00,0.0,-1.1,1.1
31.05.2020 08:15,0.8,-2.9,2.1
31.05.2020 08:30,1.8,-3.1,1.3
31.05.2020 08:45,1.1,-1.8,0.7
31.05.2020 09:00,0.0,0.0,0
31.05.2020 09:15,0.6,-0.6,0
31.05.2020 09:30,1.5,-2.0,0.5
31.05.2020 09:45,0.5,-0.5,0
31.05.2020 10:00,0.0,0.0,0
31.05.2020 10:15,0.4,-0.4,0
31.05.2020 10:30,0.5,-0.5,0
31.05.2020 10:45,0.0,0.0,0
31.05.2020 11:00,0.0,0.0,0
31.05.2020 11:15,0.0,0.0,0
31.05.2020 11:30,0.5,-0.5,0
31.05.2020 11:45,0.5,-0.5,0
31.05.2020 12:00,0.0,0.0,0
31.05.2020 12:15,0.5,-0.5,0
31.05.2020 12:30,0.5,-0.5,0
31.05.2020 12:45,0.0,0.0,0
31.05.2020 13:00,0.0,0.0,0
31.05.2020 13:15,0.5,-0.5,0
31.05.2020 13:30,0.5,-0.5,0
31.05.2020 13:45,0.5,-0.5,0
31.05.2020 14:00,0.0,0.0,0
31.05.2020 14:15,0.0,0.0,0
31.05.2020 14:30,0.0,0.0,0
31.05.2020 14:45,0.5,-0.5,0
31.05.2020 15:00,0.0,0.0,0
31.05.2020 15:15,0.0,0.0,0
31.05.2020 15:30,0.0,0.0,0
31.05.2020 15:45,0.0,0.0,0
31.05.2020 16:00,0.0,0.0,0
31.05.2020 16:15,0.0,0.0,0
31.05.2020 16:30,0.0,0.0,0
31.05.2020 16:45,0.0,0.0,0
31.05.2020 17:00,0.0,0.0,0
31.05.2020 17:15,0.0,0.0,0
31.05.2020 17:30,0.2,-0.2,0
31.05.2020 17:45,1.9,-1.9,0
31.05.2020 18:00,0.5,-0.5,0
31.05.2020 18:15,1.0,-1.1,0.1
31.05.2020 18:30,0.6,-1.6,1
31.05.2020 18:45,2.8,-3.0,0.2
31.05.2020 19:00,0.0,0.0,0
31.05.2020 19:15,0.5,-0.5,0
31.05.2020 19:30,0.5,-0.5,0
31.05.2020 19:45,0.3,-0.3,0
31.05.2020 20:00,1.0,-1.0,0
31.05.2020 20:15,1.8,-2.8,1
31.05.2020 20:30,1.9,-3.5,1.6
31.05.2020 20:45,1.0,-2.9,1.9
31.05.2020 21:00,0.5,-1.4,0.9
31.05.2020 21:15,1.0,-2.4,1.4
31.05.2020 21:30,1.9,-3.1,1.2
31.05.2020 21:45,0.9,-1.4,0.5
31.05.2020 22:00,0.0,0.0,0
31.05.2020 22:15,0.6,-1.0,0.4
31.05.2020 22:30,0.2,-0.2,0
31.05.2020 22:45,0.0,0.0,0
31.05.2020 23:00,0.0,0.0,0
31.05.2020 23:15,0.0,0.0,0
31.05.2020 23:30,0.3,-0.3,0
31.05.2020 23:45,0.0,0.0,0